type,question_number,question,option_A,option_B,option_C,option_D,correct_answer
multiple_choice,1,Thequantitytheoryofmoneyisatheoryofhow,Cung tiềnđược xác định.,lãi suất được xác định.,sau đó giá trị tổng hợp thu nhập được xác định.,therealvalueofaggregateincomeđược xác định.,C
multiple_choice,2,"Bởi vìlý thuyết số lượng của tiền tệcho biếtsuhiển thị nhiều tiền được giữ cho số lượng tổng thu nhập, đó là lý thuyết của",xác định lãi suất.,Nhu cầu tiền bạc.,xác định tỷ giá hối đoái.,nhu cầu về tài sản.,B
multiple_choice,3,Số lần trung bình đómột đô la mua tổng số tiền chính thức hàng hóa và dịch vụ được sản xuất trong thời gian được biết đến,tổng sản phẩm quốc gia.,hệ số chi tiêu.,themoneymultiplier.,vận tốc.,D
multiple_choice,4,Vận tốc của tiền là,Số lần trung bình đó là đô la mua tổng số tiền hàng hóa và dịch vụ.,Tỷ lệ của tiền cổ phiếu với tiền có quyền lực cao.,Tỷ lệ tiền cổ phiếu với lãi suất.,Số lần trung bìnhcủa một đô lamua tài sản tài chính.,A
multiple_choice,6,"Nếucung tiền là $600 và thu nhập danh nghĩa là $3.000, thevelocityof moneyis",1/50.,1/5.,5,50,C
multiple_choice,7,"Nếucung tiền là $500 và thu nhập danh nghĩa là $4,000, thevelocityof moneyis",1/20.,1/8.,8,20,C
multiple_choice,8,"Nếu cung tiền là $600 và thu nhập danh nghĩa là $3,600, thevelocity of moneyis",1/60.,1/6.,6,60,C
multiple_choice,9,"Nếu GDP danh nghĩa là 10 nghìn tỷ đô la, và cung tiền là 2 nghìn tỷ đô la, vận tốc là",0.2.,5,10,20,B
multiple_choice,11,"Nếu GDP danh nghĩa là 10 nghìn tỷ đô la, và vận tốc là 10, cung tiền là",1 nghìn tỷ đô la.,5 nghìn tỷ đô la.,10 nghìn tỷ đô la.,100 nghìn tỷ đô la.,A
multiple_choice,12,"Nếu cung tiền là 2 nghìn tỷ đô la và vận tốc là 5, thì GDP danh nghĩa",1 nghìn tỷ đô la.,2 nghìn tỷ đô la.,5 nghìn tỷ đô la.,10 nghìn tỷ đô la.,D
multiple_choice,13,"Nếu cung tiền là 20 nghìn tỷ đô la và tốc độ là 2, thì GDP danh nghĩa",2 nghìn tỷ đô la.,10 nghìn tỷ đô la.,20 nghìn tỷ đô la.,40 nghìn tỷ đô la.,D
multiple_choice,14,Vận tốc được định nghĩa là,P + M + Y.,(P×M) / Y.,(Y×M)/P.,(P×Y) / M.,D
multiple_choice,16,Phương trình trao đổitrạng thái rằng số lượng tiền nhân với số lần số lần tiền này được chi tiêu trong năm phải bằng nhau,thu nhập danh nghĩa.,thu nhập thực tế.,sản phẩm quốc gia thực sự.,vận tốc.,A
multiple_choice,17,"Trong phương trình trao đổi, khái niệm cung cấp liên kết giữa MandPYđược gọi là",thevelocityofmoney.,tổng hợp.,tổng hợp.,themoneymultiplier.,A
multiple_choice,18,Phương trình trao đổi là,M×P=V×Y.,M+V=P+Y.,M+Y=V+P.,M×V=P×Y.,D
multiple_choice,19,IrvingFishertookquan điểm rằng các đặc điểm thể chế của nền kinh tế ảnh hưởng đến velocitychange________overtimesothatvelocitywillbefairly________intheshortrun.,mau; thất thường,mau; chuồng,chậm; chuồng,chậm; thất thường,C
multiple_choice,21,Kết luận của các nhà kinh tế học cổ điển rằng thu nhập danh nghĩa được xác định bởi các phong trào trong themoneysupplyrestedontheirbeliefthat________couldbetreatedas________intheshort chạy.,vận tốc; hằng,vận tốc; biến số,tiền; hằng,tiền; biến số,A
multiple_choice,22,"Quan điểm rằng vận tốc là hằng số trong ngắn hạnbiến đổi phương trình trao đổi thành lý thuyết số lượng của tiền tệ. Theo lý thuyết số lượng, khi cung tiền tăng gấp đôi",vận tốcgiảm50 phần trăm.,vận tốc gấp đôi.,thu nhập danh nghĩa giảm50 phần trăm.,thu nhập danh nghĩa gấp đôi.,D
multiple_choice,23,Cắt giảm nguồn cung tiền bằng một phần ba được dự đoán bởi lý thuyết số lượng của tiền để gây ra,"Asharpsụt giảm sản lượng thực tế của một phần ba trong ngắn hạn, và giảm ở mức giá bằng một- phần ba trong dài hạn.",adeclineinrealoutputby-một phần ba.,"giảm sản lượng một phần sáu, và giảm mức giá của một phần sáu.",adeclineinthepricelevelby-một phần ba.,D
multiple_choice,25,Tranh cãi của các nhà kinh tế học cổ điển rằng giá cả gấp đôikhi cung tiền là predicatedonthebeliefthatintheshortrunvelocityis________andrealGDPis________.,hằng; hằng,hằng; biến số,biến số; biến số,biến số; hằng,A
multiple_choice,26,"Đối với các nhà kinh tế học cổ điển, lý thuyết số lượng của tiền tệcung cấp và giải thích về các chuyển động ở mức giá. Thay đổi trong pricelevelresult",từ tỷ lệ thay đổi trong số lượng tiền.,chủ yếu từ những thay đổi trong số lượng tiền.,chỉ một phần từ những thay đổi trong số lượng tiền.,từthay đổicác tác nhân khác với số lượng tiền.,A
multiple_choice,27,"Nếu ban đầucung tiền là 1 nghìn tỷ đô la, vận tốc là 5, mức giá là 1, và GDP thực tế là 5 nghìn tỷ đô la, tăng cung tiền lên 2 nghìn tỷ đô la",tăngthực tếGDPlên 10 nghìn tỷ đô la.,causesvelocitytofallto2.5.,increasesthepricelevelto2.,IncreasesThePriceLevelto2andvelocityto10.,C
multiple_choice,29,Theo lý thuyết số lượng của nhu cầu tiền tệ,tăng lãi suất sẽ gây ra nhu cầu về tiền bạc.,Giảm lãi suất sẽ gây ra nhu cầu về tiền để tăng.,lãi suất có tác dụng đối với nhu cầu tiền bạc.,tăng tiền sẽ gây ra nhu cầu về tiền bạc.,C
multiple_choice,30,"Lý thuyết số lượng tiền bạc của Fisher gợi ý rằng nhu cầu tiền bạc hoàn toàn là một chức năng của ________,and________noeffectonthedemandformoney.",thu nhập; lãi suấtcó,lãi suất; thu nhậpcó,chi tiêu chính phủ; lãi suấtcó,Mong đợi; thu nhậpcó,A
multiple_choice,31,"________quantitytheoryofmoneysuggeststhatthedemandformoneyispurelyafunction thu nhập, và lãi suất có ảnh hưởng đến nhu cầu tiền bạc.",của Keynes,Ngư dân,Của Friedman,Của Tobin,B
multiple_choice,33,Thequantitytheoryofinflationchỉ ra rằng tỷ lệ lạm phát bằng,Tốc độ tăng trưởng của nguồn cung tiền trừ đi tốc độ tăng trưởng của tổng sản lượng.,Mức của nguồn cung tiền trừ đến mức tổng hợp đầu ra.,Tốc độ tăng trưởng của nguồn cung tiền cộng với tốc độ tăng trưởng của tổng sản lượng.,Mức của nguồn cung tiềnplusthelevelofaggregateoutput.,A
multiple_choice,34,"Số lượnglý thuyết lạm phát chỉ ra rằng nếu tổng hợp sản lượng đang tăng trưởng ở mức 3% mỗi năm và tốc độ tăng trưởng của tiền là 5%, thì lạm phát là",2%.,8%.,-2%.,1.6%.,A
multiple_choice,35,Bằng chứng kinh nghiệm cho thấy rằng lý thuyết số lượng về tiền bạclà lý thuyết tốt về lạm phát,"inthelongrun, nhưngnotintheshortrun.","intheshortrun, nhưng notinthelongrun.",cả hai chiều dài và shortrun.,notinethelongrunnortheshortrun.,A
multiple_choice,1,"Phương phápchi tiêu của chính phủ được mô tảbyanexpressiongọi là chính phủ ngân sách hạn chế, trong đó các tiểu bang sau",thâm hụt ngân sách của chính phủ phải bằng tổng số thay đổi trong cơ sở tài chính và sự thay đổi trong chính phủ trái phiếu của công chúng.,Chính phủ ngân sách thâm hụt phải bằng nhau giữa sự thay đổi trong cơ sở duy nhất và sự thay đổi trong chính phủ trái phiếu của công chúng.,thâm hụt ngân sách của chính phủ phải bằng sự khác biệt giữa sự thay đổi trong cơ sở tài chính và sự thay đổi trong trái phiếu chính phủ của Fed.,thâm hụt ngân sách của chính phủ phải bằng sự khác biệt giữa sự thay đổi trong cơ sở tài chính và sự thay đổi trong trái phiếu chính phủ của Kho bạc.,A
multiple_choice,2,"Phương phápchi tiêu của chính phủ được mô tảbyanexpressiongọi là chính phủ ngân sách hạn chế, trong đó các tiểu bang sau",DEFICIT=(GT)=ΔMB+ΔTRÁI phiếu.,DEFICIT=(GT)=ΔMB-ΔBONDS.,DEFICIT=(GT)=ΔBONDS-ΔMB.,DEFICIT=(GT)=ΔMB/ΔBONDS.,A
multiple_choice,3,"Nếu chính phủ tài chính chi tiêu bằng cách phát hành nợ cho công chúng, họ sẽ ________andthemoneysupplywill________.",tăng; tăng,tăng; giảm,giảm; tăng,không thay đổi; không thay đổi,D
multiple_choice,4,"Nếu chính phủ tài chính chi tiêu bằng cách bán trái phiếu, ngân hàng trung ương, họ basewill________andthemoneysupplywill________.",tăng; tăng,tăng; giảm,giảm; giảm,không thay đổi; không thay đổi,A
multiple_choice,6,"Tài trợ chính phủ chi tiêu bằng cách bán trái phiếu công khai, thanh toán cho trái phiếu bằng tiền tệ,",chìstoapermanentdeclineinthemonetarybase.,Leadstoapermanentincreaseinthemonetarybase.,leadstoatemporaryincreaseinthemonetarybase.,hasnoneteffectonthemonetarybase.,D
multiple_choice,7,Tài trợ chi tiêu của chính phủ bằng cách phát hành nợ,nguyên nhân cả hai dự trữ và cơ sở nguyên nhân.,nguyên nhân cả hai dự trữ và cơ sở suy giảm.,"nguyên nhân dự trữ trỗi dậy, nhưng cơ sở suy giảm.",hasnoneteffectonthemonetarybase.,D
multiple_choice,8,Tài chính của chính phủ chi tiêu thông quaKho bạc bán trái phiếusau đó được Fed mua,nguyên nhân cả hai dự trữ và cơ sở nguyên nhân.,nguyên nhân cả hai dự trữ và cơ sở suy giảm.,"nguyên nhân dự trữ trỗi dậy, nhưng cơ sở suy giảm.",hasnoneteffectonthemonetarybase.,A
multiple_choice,10,Chỉ khi thâm hụt ngân sách được tài trợ bởi tiền sáng tạomới tăng spendingleadto________inthe________ chính phủ.,giảm; cơ sở tiền tệ,tăng cường; cơ sở tiền tệ,giảm; Hệ số tiền,tăng cường; Hệ số tiền,B
multiple_choice,11,"Ifthedeficitisfinancedbysellingbondstothe________, themoneysupplywill________, tăng tổng cầu, và dẫn đến mức giá.",công cộng; lên,công cộng; rớt,ngân hàng trung ương; lên,ngân hàng trung ương; rớt,C
multiple_choice,12,"Ifthedeficitisfinancedbysellingbondstothe________,themoneysupplywill________, causingaggregatedemandto________.",công cộng; lên; tăng,công cộng; rớt; giảm,ngân hàng trung ương; lên; tăng,ngân hàng trung ương; rớt; giảm,C
multiple_choice,14,"""Lý thuyết tiền tệ hiện đại"" lập luận rằng ""GreenNewDeal"" có thể dễ dàng thanh toán bằng cách có ________buygovernmentbondstofundtheresultinglargebudgetdeficits.",Nước ngoài,Ngân hàng lớn,Liên bang,Doanh nghiệp,C
multiple_choice,15,"""Lý thuyết tiền tệ hiện đại"" lập luận rằng thâm hụt ngân sách lớn do sự gia tăng lớn trong chi tiêu của chính phủ có thể được thanh toán bằng cách bán trái phiếu cho ________. Việc tài trợ cho thâm hụt ngân sách dai dẳng này dẫn đến sự tăng trưởng ________ của cung tiền và rất ________inflation.",công cộng; cao; cao,công cộng; thấp; thấp,ngân hàng trung ương; cao; cao,ngân hàng trung ương; thấp; thấp,C
multiple_choice,16,"""Lý thuyết tiền tệ hiện đại"" lập luận rằng thâm hụt ngân sách lớn do sự gia tăng lớn trong chi tiêu của chính phủ có thể được thanh toán bằng cách bán trái phiếu cho ________. Việc tài trợ cho thâm hụt ngân sách dai dẳng này dẫn đến sự tăng trưởng ________ của cung tiền và rất ________inflation.",công cộng; cao; cao,công cộng; thấp; thấp,ngân hàng trung ương; cao; cao,ngân hàng trung ương; thấp; thấp,C
multiple_choice,1,TheKeynesiantheoryofmoneydemandnhấn mạnhtầm quan trọng của,vận tốc không đổi.,hành vi phi lý trên một phần của một số tác nhân kinh tế.,lãi suấtsonthedemandformoney.,Mong đợi.,C
multiple_choice,2,Keynes giả thuyết rằng các giao dịch thành phần của tiền tệnhu cầu chủ yếu được xác định bởi cấp độ của,lãi suất.,vận tốc.,thu nhập.,giá thị trường chứng khoán.,C
multiple_choice,3,"Keynes lập luận rằng các giao dịch thành phần của nhu cầu tiền chủ yếu được xác định bởi cấp độ của s________,whichhebelievedwereproportionalto________ của mọi người.",Giao dịch; thu nhập,Giao dịch; tuổi,Thu nhập; Wealth,Thu nhập; tuổi,A
multiple_choice,5,"Keynes lập luận rằng thành phần phòng ngừa của nhu cầu tiền bạc chủ yếu được xác định bởi cấp độ của s________,whichhebelievedwereproportionalto________ của mọi người.",Thu nhập; Wealth,Thu nhập; tuổi,Giao dịch; thu nhập,Giao dịch; tuổi,C
multiple_choice,6,Nhu cầu về tiền bạcasacushionagainstunedcontingedcontingenciesđược gọi là,giao dịchđộng cơ.,động cơ phòng ngừa.,động cơ bảo hiểm.,động cơ suy đoán.,B
multiple_choice,7,Keynes giả thuyết rằng thành phần đầu cơ của nhu cầu tiền tệ chủ yếu được xác định bởi cấp độ của,lãi suất.,vận tốc.,thu nhập.,giá thị trường chứng khoán.,A
multiple_choice,8,Động cơ đầu cơ để nắm giữ tiền có liên quan chặt chẽ với chức năng của tiền tệ?,Kho lưu trữ tài sản,đơn vị tài khoản,phương tiện trao đổi,Tiêu chuẩn của Thanh toán trả chậm,A
multiple_choice,10,"Bởi vì Keynes giả định rằng lợi nhuận mong đợi trên tiền là bằng không, nghe nói rằng mọi người sẽ",Không bao giờ giữ tiền.,không bao giờ giữ tiềnnhư một kho lưu trữ của cải.,holdmoneyasastoreofwealthwhentheexpectedreturnonbondswastiêu cực.,nắm giữ tiền như một kho lưu trữ của tài sản chỉ khi thực thi bởi chính sách của chính phủ.,C
multiple_choice,11,TheKeynesiantheoryofmoneydemanddự đoán rằng mọi người sẽ tăng lượng tiền của họ nắm giữ nếu họ tin rằng,lãi suất sắp giảm.,giá trái phiếu sắp tăng.,Lạm phát dự kiến sắp rơi.,giá trái phiếu sắp giảm.,D
multiple_choice,12,"Nếu mọi người kỳ vọng lãi suất danh nghĩa lên cao hơn trong tương lai, lợi nhuận dự kiến đối với trái phiếu ________,andthedemandformoney________.",Tăng; Tăng,Tăng; Giảm,Falls; Tăng,Falls; Giảm,C
multiple_choice,14,"Keyneslập luận rằng khi lãi suất thấptương đối với một số giá trị bình thường, mọi người wouldexpectbondpricesto________sothequantityofmoneydemandedwould________.",tăng; tăng,tăng; giảm,giảm; tăng,giảm; giảm,C
multiple_choice,15,"Keynes lập luận rằng khi lãi suất cao tương đối với một số giá trị bình thường, mọi người wouldexpectbondpricesto________,sothequantityofmoneydemandedwould________.",tăng; tăng,tăng; giảm,giảm; giảm,giảm; tăng,B
multiple_choice,16,"Theo lý thuyết của Keynes về ưu tiên thanh khoản, vận tốc tăng khi",thu nhậptăng.,sự giàu cótăng.,môi giớihoa hồngtăng.,lãi suấttăng.,D
multiple_choice,17,Lý thuyết của Keynes về nhu cầu tiền bạc ngụ ý rằng vận tốc là,không liên tục nhưng dao động với các chuyển động trong lãi suất.,không liên tục nhưng dao động với các chuyển động trong mức giá.,không liên tục nhưng dao động với các chuyển động trong thời gian của năm.,không đổi.,A
multiple_choice,19,Lý thuyết ưu tiên thanh khoản của Keynes chỉ ra rằng nhu cầu về tiền,"hoàn toàn là chức năng của thu nhập, và lãi suất có ảnh hưởng đến nhu cầu về tiền.","hoàn toàn là chức năng của lãi suất, và thu nhập không ảnh hưởng đến nhu cầu về tiền.",là chức năng của cả thu nhập và lãi suất.,là chức năng của cả hai chính phủ chi tiêu và thu nhập.,C
multiple_choice,20,Lý thuyết của Keynes về nhu cầu tiền bạc nhất quán với,chuyển động ngược chu kỳvận tốc.,vận tốc không đổi.,chuyển động theo chu kỳvận tốc.,vận tốc tương đối ổn định.,C
multiple_choice,21,stheoryofthedemandformoneyisconsistentwith________movementsin ________ của Keynes.,ngược chu kỳ; vận tốc,theo chu kỳ; vận tốc,ngược chu kỳ; Mong đợi,theo chu kỳ; Mong đợi,B
multiple_choice,22,Mô hình của Keynes về nhu cầu tiền bạc gợi ý rằng vận tốc là,hằng.,liên quan tích cực đến lãi suất.,liên quan tiêu cực đến lãi suất.,liên quan tích cực đến các giá trị trái phiếu.,B
multiple_choice,24,smodelofthedemandformoneysuggeststhatvelocityis________relatedto ________ của Keynes.,Tích cực; lãi suất,Tiêu cực; lãi suất,Tích cực; Giá trị trái phiếu,Tích cực; giá cổ phiếu,A
multiple_choice,25,sliquiditypreferencetheoryindicatesthatthedemandformoneyis________ relatedto________ của Keynes.,Tiêu cực; lãi suất,Tích cực; lãi suất,Tiêu cực; thu nhập,Tiêu cực; Wealth,A
multiple_choice,26,Nhu cầu của Keynesianđối với sự cân bằng thựcđược thể hiện dưới dạng,"Md = f (i, Y).",Md / P = f (i).,Md / P = f (Y).,"Md / P = f (i, Y).",D
multiple_choice,1,"Lý thuyết danh mục đầu tư về tiền tệ, nhu cầu tuyên bố rằng nhu cầu cân bằng tiền thực là ________relatedtoincomeand________relatedtothenominalinterestrate.",Tích cực; Tiêu cực,Tích cực; Tích cực,Tiêu cực; Tiêu cực,Tiêu cực; Tích cực,A
multiple_choice,2,"Lý thuyết danh mục đầu tư về nhu cầu tiền tệ tuyên bố rằng khi thu nhập (và do đó, sự giàu có) cao hơn, thedemandforthemoneyassetwill________andthedemandforrealmoneybalances willbe________.",lên; trên,lên; hạ,rớt; trên,rớt; hạ,A
multiple_choice,3,"Aslãi suất tăng, theexpectedabsolutereturnofmoney________, tiền dự kiến returnrelativetobonds________.",không thay đổi; giảm,Tăng; giảm,không thay đổi; tăng,Falls; giảm,A
multiple_choice,5,Lý thuyết về lựa chọn danh mục đầu tư chỉ ra rằng các yếu tố ảnh hưởng đến nhu cầu tiền bao gồm,thu nhập.,lãi suất danh nghĩa.,thanh khoản của các tài sản khác.,tất cả những điều trên.,D
multiple_choice,6,Lý thuyết về lựa chọn danh mục đầu tư chỉ ra rằng các yếu tố ảnh hưởng đến nhu cầu tiền bao gồm,thu nhập.,lãi suất danh nghĩa.,rủi ro của tiền.,tất cả những điều trên.,D
multiple_choice,1,"Bằng chứng về sự nhạy cảm về lợi ích của nhu cầu tiền bạc cho thấy rằng nhu cầu về moneyis________tointerestrates,andthereis________evidencethataliquiditytrapexists.",nhạy cảm; lớn lao,nhạy cảm; nhỏ,Insensitive; lớn lao,Insensitive; nhỏ,B
multiple_choice,2,Intheliquiditytrapasmallchangeininterestratesproduces________changeinthequantity củatiềnyêu cầu.,asmall,Không,không cân xứng,averylarge,D
multiple_choice,3,"Bẫy thanh khoản, monetarypolicyhas________effectonaggregatespendingbecausea changeinthemoneysupplyhas________effectoninterestrates.",Không; Không,Không; Lớn,Không; asmall,lớn; Lớn,A
multiple_choice,4,"Trong bẫy thanh khoản, chính sách tiền tệ",hasalargeimpactonlãi suất.,hasasmallimpactonlãi suất.,không có tác động đến lãi suất.,hasaproportionatetác động đến lãi suất.,C
multiple_choice,6,Bằng chứng cho thấy rằng thanh khoảncó thể xảy rakhi nào,realinterestratesareatzero.,realinterestratesareatorjustabovezero.,danh nghĩainterestratesareatzero.,danh nghĩainterestratesareatorjustabovezero.,C
multiple_choice,7,"Lý do mà các nhà kinh tế quan tâm đến sự ổn định của vận tốc là bởi vì nếu nhu cầu về tiền không ổn định, thì tăng trưởng ổn định của cung tiền",isgoingtopromotegiá cả ổn định tại dòng chi phí thất nghiệp.,đang đi đến topromotelowthất nghiệp tại chi phí của giá cả ổn định.,là cách hiệu quả để tiến hành chính sách tiền tệ.,vẫn có thể được sử dụng để tiến hành chính sách tiền tệ nếu mục tiêu ổn định giá cả.,C
multiple_choice,1,"Phân tích của ông bắt đầu với sự công nhận rằng tổng số lượng được yêu cầu của đầu ra của nền kinh tế là tổng số các loại chi tiêu: chi tiêu tiêu dùng, chi tiêu đầu tư theo kế hoạch, chi tiêu chính phủ, và xuất khẩu ròng.",JohnMaynardKeynes,Ngài JohnHicks,MiltonFriedman,PaulA.Samuelson,A
multiple_choice,2,Động lực của Keynes trong việc phát triển mô hình xác định tổng hợp đầu ra bắt nguồn từ mối quan tâm của ông với việc giải thích,Siêu lạm phátmềmnhững năm 1920.,tại sao Đại suy thoái xảy ra.,tỷ lệ thất nghiệp caoở Vĩ đại nước Anh trước Thế chiến I.,tỷ lệ thất nghiệp caoở Vĩ đại nước Anhsau Thế chiến II.,B
multiple_choice,3,Keyneswasespeciallyinterestedinexplainingmovementsof________becausehewantedto giải thích tại sao Đại suy thoái đã xảy ra và chính sách của chính phủ có thể được sử dụng như thế nào để increase________inasimilareconomicsituation.,tổng hợp đầu ra; Tiền lương,tổng hợp đầu ra; việc làm,tiền lương; Tiền lương,tiền lương; việc làm,B
multiple_choice,5,Keyneswasespeciallyconcernedwithexplainingthe________levelofoutputand employmentduringthe________.,thấp; Thập niên 1920,thấp; Thập niên 1930,cao; Thập niên 1920,cao; Thập niên 1930,B
multiple_choice,6,"Trong mô hình Keynesian đơn giản, cân bằng tổng hợp đầu ra được xác định bởi",tổng hợp.,tổng hợp.,Nhu cầu lao động quốc gia.,mức giá.,A
multiple_choice,7,"Phân tích theo Keynes, tổng hợp nhu cầu có thể được viết",Yad=C+I+G+NX.,Yad=C+I+G-NX.,Yad=C-I-G-NX.,Yad=C+I-G-NX.,A
multiple_choice,1,Keyneslý luận rằng chi tiêu tiêu dùng có liên quan chặt chẽ nhất đến,Mức lãi suất.,mức giá.,thu nhập khả dụng.,Tỷ lệ thuế cận biên.,C
multiple_choice,2,"Trong mô hình Keynesian về xác định thu nhập, chi tiêu của người tiêu dùng bao gồm chi tiêu của",người tiêu dùng trên máy tính cá nhân.,doanh nghiệp trên máy tính cá nhân.,chính phủsonmáy tính cá nhân.,người nước ngoàitrên máy tính cá nhân trong nước.,A
multiple_choice,3,Themarginaltempensitytoconsume(mpc)có thể xác định dasthefractioncủa,athay đổi thu nhậpđó là chi tiêu.,thay đổithu nhậpđược tiết kiệm.,thu nhậpđược chi tiêu.,thu nhậpđược tiết kiệm.,A
multiple_choice,4,"Nếu hàm tiêu thụ được biểu thị là C = a + mpc × Y D, thì ""mpc"" đại diện cho",chi tiêu tiêu dùng tự trị.,Xu hướng tiêu thụ bên lề.,hệ số chi tiêu.,thu nhập khả dụng.,B
multiple_choice,5,"Nếu hàm tiêu thụ được biểu thị là C = a + mpc × Y D, thì ""a"" đại diện cho",chi tiêu tiêu dùng tự trị.,Xu hướng tiêu thụ bên lề.,hệ số chi tiêu.,thu nhập khả dụng.,A
multiple_choice,7,"Nếu chức năng tiêu dùng là C = 20 + 0.8Y D, thì tăng thu nhập khả dụng bằng 100 đô la sẽ dẫn đến việc tăng chi tiêu tiêu dùng bởi",58,64,80,100,C
multiple_choice,8,"Giả sử rằng tiêu dùng tự trị bằng 200 đô la và rằng họ bằng 0,8.Nếu thu nhập khả dụng bằng 1.000 đô la, thì tổng tiêu thụ bằng",80,200,800,1000,D
multiple_choice,9,"Giả sử rằng tiêu thụ tự trị bằng 200 đô la và thu nhập khả dụng bằng 1.000 đô la. Nếu tổng tiêu thụ bằng 800 đô la, thì họ bằng",0.2.,0.6.,0.8.,1.0.,B
multiple_choice,11,"Mọi thứ khác được giữ không đổi, nếu tổng mức tiêu dùngtăng từ $ 600 đến $ 800 vì tăng thu nhập khả dụng là $ 400, thì họ sẽ bằng",0.2.,0.4.,0.5.,0.6.,C
multiple_choice,12,"Mọi thứ khác được giữ không đổi, nếu chi tiêu tăng bởi65fora100tăng thu nhập khả dụng, họ là",0,0.5.,0.65.,1,C
multiple_choice,13,"Mọi thứ khác được giữ không đổi, nếu thu nhập khả dụng tăng lên 200 và chi tiêu tiêu dùng tăng lên 150, họ là",0,0.15.,0.5.,0.75.,D
multiple_choice,15,Các nhà kinh tế định nghĩa đầu tư là mua,mớitài sản vật lýuchasanewmáy mócoranewhouse.,"bất kỳ tài sản vật lý nào, dù không được sử dụng, được sử dụng bởi doanh nghiệp để tăng sản xuất.",bất kỳ tài sản vật chất nào được sử dụng bởi doanh nghiệp để tăng sản xuất và mua cổ phiếu phổ thông.,doanh nghiệp chi tiêuvốnvốnvà hộ gia đìnhchi tiêuhàng hóa lâu bền.,A
multiple_choice,16,"Chi tiêu đầu tư theo kế hoạch, một thành phần của tổng hợpnhu cầu, bằng",đầu tư cố địnhcộng với hàng tồn kho thực tếđầu tư.,đầu tư cố địnhplusunedinventoryđầu tư.,đầu tư cố định.,Đầu tư cố địnhPlusPlannedĐầu tư hàng tồn kho.,D
multiple_choice,17,"Có hai loại đầu tư: ________investment - chi tiêu của công ty kinh doanh thiết bị và cấu trúc, và kế hoạch chi tiêu cho nhà ở - đầu tư and________ - chi tiêu của công ty kinh doanh phụ lục nắm giữ thêm vật liệu, bộ phận và thành phẩm.",Kế hoạch; Tổng,Kế hoạch; Kho,Cố định; Tổng,Cố định; Kho,D
multiple_choice,19,Sự khác biệt giữa đầu tư hàng tồn kho và đầu tư cố định là,Đầu tư cố địnhkhông bao giờ được lên kế hoạch.,Đầu tư cố địnhkhông bao giờ được lên kế hoạch.,Đầu tư hàng tồn khokhông bao giờ có kế hoạch.,hàng tồn kho không có kế hoạchđầu tưlà luôn không.,A
multiple_choice,20,Keynesđề cập đến hai yếu tố ảnh hưởng đến chi tiêu đầu tư theo kế hoạch,lãi suất và thu nhập khả dụng.,lãi suất và kỳ vọng kinh doanh về tương lai.,thu nhập khả dụng và kỳ vọng kinh doanh về tương lai.,lãi suất và kỳ vọng kinh doanh về lạm phát.,B
multiple_choice,21,Các yếu tố ảnh hưởng đến chi tiêu đầu tư theo kế hoạchbao gồm,lãi suất thực.,xích mích tài chính.,cảm xúcsóng lạc quan và bi quan.,tất cả những điều trên. E) AandC.,D
multiple_choice,22,Kế hoạch đầu tưchi tiêu cao hơn,khi thực tếlãi suất cao hơn.,trong các xung đột tài chính.,khi doanh nghiệp lạc quan.,tất cả những điều trên. E) AandC.,C
multiple_choice,1,"Ifunplannedinvestmentispositive, firmswill________productionandoutputwill ________.",cắt; lên,cắt; rớt,tăng; lên,tăng; rớt,B
multiple_choice,2,"Ifunplannedđầu tư tiêu cực, firmswill________productionandoutputwill ________.",cắt; lên,cắt; rớt,tăng; lên,tăng; rớt,C
multiple_choice,3,"Trong khuôn khổ Keynes, miễn là đầu ra nằm dưới mức cân bằng, inventoryinvestmentwillremain________andfirmswillcontinueto________production ngoài kế hoạch.",Âm tính; hạ,Âm tính; nâng,Dương tính; hạ,Dương tính; nâng,B
multiple_choice,5,"IntheKeynesianframework, aslongasoutputis________theequilibriumlevel, inventoryinvestmentwillremain________andfirmswillcontinuetolowerproduction không có kế hoạch.",dưới; Âm tính,trên; Âm tính,dưới; Dương tính,trên; Dương tính,D
multiple_choice,6,"IntheKeynesianframework, aslongasoutputis________theequilibriumlevel, inventoryinvestmentwillremainpositiveandfirmswillcontinueto________production không có kế hoạch.",dưới; hạ,trên; hạ,dưới; nâng,trên; nâng,B
multiple_choice,7,"Trong khuôn khổ Keynes, miễn là đầu ra nằm trên mức cân bằng, inventoryinvestmentwillremain________andfirmswillcontinueto________production ngoài kế hoạch.",Âm tính; hạ,Âm tính; nâng,Dương tính; hạ,Dương tính; nâng,C
multiple_choice,9,"Trong khuôn khổ Keynesian, miễn là đầu ra nằm dưới mức cân bằng, đầu tư hàng tồn kho ngoài kế hoạch sẽ vẫn âm, firmswillcontinueto________production và outputwillcontinueto________.",hạ; rớt,hạ; lên,nâng; rớt,nâng; lên,D
multiple_choice,10,"Trong khuôn khổ Keynes, aslongasoutputis________theequilibriumlevel, inventoryinvestmentwillremain________ ngoài kế hoạch, các công ty sẽ tiếp tục tăng sản xuất và sản lượng sẽ tiếp tục tăng.",dưới; Âm tính,trên; Âm tính,dưới; Dương tính,trên; Dương tính,A
multiple_choice,11,"Trong khuôn khổ Keynes, aslongasoutputis________theequilibriumlevel, inventoryinvestmentwillremain________ ngoài kế hoạch, các công ty sẽ tiếp tục giảm sản xuất và sản lượng sẽ tiếp tục giảm.",dưới; Âm tính,trên; Âm tính,dưới; Dương tính,trên; Dương tính,D
multiple_choice,13,Giảm hàng tồn kho không có kế hoạchđầu tư cho toàn bộ nền kinh tế bằng mức dư thừa,outputoveraggregatecung.,outputoveraggregatedemand.,tổng hợp cung cấp quá mức.,tổng hợp nhu cầu vượt trội.,D
multiple_choice,14,"Ifaggregatedemandis lessthan thelevelofaggregateoutput, then________inventory investmentwillbe________.",Kế hoạch; Dương tính,thực tế; Dương tính,thực tế; Âm tính,Kế hoạch; Âm tính,B
multiple_choice,15,"Ifaggregatedemandsshortofcurrentoutput, businessfirmswill________productionto ________inventories.",cắt; Giữ từ tích lũy,mở rộng; Giữ từ tích lũy,cắt; Xây dựng,mở rộng; Xây dựng,A
multiple_choice,16,"Ifaggregateddemandislessthan actualoutput, unplannedinventory________willcause outputto________.",Tích lũy; lên,cạn kiệt; rớt,cạn kiệt; lên,Tích lũy; rớt,D
multiple_choice,18,"Đầu ra thực tế là đầu ra cân bằng lớn hơn, firmswill________outputtokeepfrom ________inventories.",tăng; Tích lũy,tăng; Suy yếu,giảm; Suy yếu,giảm; Tích lũy,D
multiple_choice,19,"Khi mức đầu tư hàng tồn kho không có kế hoạch bằng không, nền kinh tế là",mất cân bằng.,không nhượng bộ.,mất cân bằng.,quá nóng.,C
multiple_choice,20,"Ifaggregatedemandequalsoutput,",nền kinh tế là sự suy thoái.,đầu rasẽtăng.,outputwillfall.,nền kinh tế đạt được mức cân bằng.,D
multiple_choice,21,"Sử dụng thông tin trong Tình huống 21-1, nếu tổng hợp đầu ra bằng $ 10,000, thì đầu tư hàng tồn kho không có kế hoạchbằng",-1000,-100,0,100,D
multiple_choice,22,"Sử dụng thông tin trong Tình huống 21-1, nếu tổng sản lượng bằng $ 8,000, đầu tư hàng tồn kho ngoài kế hoạch bằng",-100,0,100,500,A
multiple_choice,23,"Sử dụng thông tin trong Tình huống 21-1, mức cân bằng của đầu ra tổng hợp là",900,8000,9000,10000,C
multiple_choice,24,"Sử dụng thông tincontainedinSituation21-1, nếu tiêu thụ tự trị tăng 100 đô la, sau đó cân bằng tổng hợp đầu ra sẽ thay đổi bởi",-1000,-100,100,1000,D
multiple_choice,26,Keynes tin rằng những thay đổitrong tự chủ chi tiêu bị chi phối bởi những thay đổi trong,chi tiêu tiêu dùng.,chi tiêu tiêu dùng tự trị.,chi tiêu đầu tư.,thuế. E) không có ở trên.,C
multiple_choice,27,"Keynes tin rằng những thay đổi trong tự chủ chi tiêu bị chi phối bởi fluctuationsin________ không ổn định, bị ảnh hưởng bởi cảm xúclàn sóng lạc quan và bi quan — các yếu tố được gọi là ""linh hồn động vật"".",Chi tiêu đầu tư ngoài kế hoạch,Chi tiêu đầu tư thực tế,Kế hoạch đầu tư chi tiêu,chi tiêu tiêu dùng tự trị,C
multiple_choice,28,"Trong khuôn khổ đơn giản Keynesian, suy giảm trong kế hoạch đầu tưchi tiêutạo ra tỷ lệ thất nghiệp cao có thể được bù đắp bằng cách tăng lương",thuế.,chi tiêu của chính phủ.,sự tự tin của người tiêu dùng.,kinh doanh tự tin.,B
multiple_choice,30,Ataxcutban đầu,tăngchi tiêu chi tiêu byanamountgreatterterthecắt giảm thuế.,tăngtiêu dùngchi tiêubyanamountequaltothetaxcut.,tăng tiêu dùngchi tiêusố tiền ít hơn giá trị của việc cắt giảm thuế.,hasnoeffectonchi tiêu tiêu dùng. E) giảm chi tiêu tiêu dùng ít hơn giá trị của việc cắt giảm thuế.,C
multiple_choice,31,"Giả định cân bằng đầy đủ việc làm cho một nền kinh tế được đặc trưng bởi mô hình Keynesian đơn giản.Nếu chính phủ tăng vốn loại bỏ thâm hụt ngân sách, thì",tỷ lệ thất nghiệp sẽ tăng.,Mức độ tổng hợp đầu ra sẽ tăng.,Mức giá sẽ tăng.,tỷ lệ lãi suất sẽ giảm.,A
multiple_choice,32,"Sử dụng thông tin trong tình huống21-2, nếu chi tiêu của chính phủ tăng 100 đô la, thì cân bằng tổng hợp đầu ra sẽ thay đổi bởi",-1000,-100,100,1000,D
multiple_choice,33,"Sử dụng thông tin trong Tình huống 21-2, nếu thuế tăng 10 đô la, thì tổng hợp cân bằng đầu ra sẽ thay đổi bởi",-90,-10,10,90,A
multiple_choice,34,"Sử dụng thông tin trong tình huống21-2, nếu chính phủ tăng chi tiêu của họ lên $ 50 và tăng thuế ròng bằng 50, sau đó cân bằng tổng sản lượng sẽ thay đổi bởi",-100,-50,50,100,C
multiple_choice,35,"Nền kinh tế khép kín, tổng cầu là tổng số","chi tiêu tiêu dùng, chi tiêu đầu tư thực tế và chi tiêu của chính phủ.","chi tiêu tiêu dùng, chi tiêu đầu tư theo kế hoạch, và chi tiêu của chính phủ.","chi tiêu tiêu dùng, chi tiêu đầu tư thực tế, chi tiêu chính phủ, và xuất khẩu ròng.","chi tiêu tiêu dùng, chi tiêu đầu tư theo kế hoạch, chi tiêu chính phủ, và xuất khẩu ròng.",B
multiple_choice,37,"Nếu xuất khẩu tăng 100 và số lượng tăng 0,75, cân bằng tổng sản lượng tăng theo",100,250,400,750,C
multiple_choice,38,"Nếu xuất khẩu tăng 250 và sản phẩmpcis0,75, cân bằng tổng sản lượng tăng lên",250,500,750,1000,D
multiple_choice,39,"Nếu xuất ròng giảm250 và số lượng pcis0,75, cân bằng tổng hợp đầu ra",tăng1.000.,increasesby750.,giảm bởi750.,giảm 1.000.,D
multiple_choice,40,"Aggregateoutputis________relatedtoautonomousconsumerexpenditure, và là ________relatedtoplannedinvestmentspending.",Tiêu cực; Tiêu cực,Tiêu cực; Tích cực,Tích cực; Tiêu cực,Tích cực; Tích cực,D
multiple_choice,42,Tổng hợp đầu ra tăngdbyadecreasein,tiêu thụ tự trị.,chi tiêu của chính phủ.,đầu tư theo kế hoạch.,nettax.,D
multiple_choice,43,Đầu ra cân bằng là giảm byanincreasein,đầu tư theo kế hoạch.,thuế.,chi tiêu của chính phủ.,NetExports.,B
multiple_choice,1,"Nếu lãi suất giảm, những thứ khác bình đẳng, chi tiêu đầu tư sẽ",rớt.,lên.,"tăng, giảm, hoặc không thay đổi.",không bị ảnh hưởng.,B
multiple_choice,2,Khi lãi suất tăng,đầu tư theo kế hoạch.,kế hoạch đầu tư.,kế hoạch đầu tư sẽ không bị ảnh hưởng.,cân bằngthu nhậptăng.,A
multiple_choice,3,"Whentheinterestrateis________,________investmentsinphysicalcapitalwillearnmore hơn chi phí của tiền vay,soplannedinvestmentspendingis________.",cao; ít; cao,cao; ít; thấp,thấp; ít; cao,thấp; nhiều; thấp E) cao; nhiều; cao,B
multiple_choice,4,"Khi lãi suất tăng ở Hoa Kỳ (với mức giá cố định), giá trị của đồng đô la ________,domesticgoodsbecome________expensive,andnetexports________.",Falls; kém; rớt,Falls; nhiều hơn; lên,Tăng; nhiều hơn; rớt,Tăng; kém; rớt,C
multiple_choice,6,Antăng lãi suất,"Tăng giá trị của đồng đô la, xuất khẩu ròng, và đầu ra cân bằng.","tăng giá trị của đồng đô la, giảm xuất khẩu ròng và cân bằng đầu ra.","Giảm giá trị của đồng đô la, xuất khẩu ròng, và đầu ra cân bằng.","Giảm giá trị của đồng đô la, tăng xuất khẩu ròng và đầu ra cân bằng.",B
multiple_choice,7,Giảm lãi suất,"Tăng giá trị của đồng đô la, xuất khẩu ròng, và đầu ra cân bằng.","tăng giá trị của đồng đô la, giảm xuất khẩu ròng và cân bằng đầu ra.","Giảm giá trị của đồng đô la, xuất khẩu ròng, và đầu ra cân bằng.","Giảm giá trị của đồng đô la, tăng xuất khẩu ròng và đầu ra cân bằng.",D
multiple_choice,8,Mối quan hệ tiêu cực giữa các khoản đầu tư chi tiêu và lãi suất là những gì mang lại ________curveits________slope.,LÀ; Lên,LÀ; Xuống,LM; đi xuống,LM;hướng lên,B
multiple_choice,9,PointsontheIScurvesatisfy________marketequilibrium.,tiền,hàng hoá,cổ phiếu,bông,B
multiple_choice,11,The________describespointsforwhichthegoodsmarketisinequilibrium.,Đường cong LM,Đường cong IScurve,Chức năng tiêu thụ,Lịch trình đầu tư,B
multiple_choice,12,"Mọi thứ khác được giữ hằng số, nếu đầu ra tổng hợp là bên phải của đường cong IS, thì có anexcess________ofgoodswhichwillcauseaggregateoutputto________.",cung; rớt,cung; lên,cầu; rớt,cầu; lên,A
multiple_choice,13,"Mọi thứ khác được giữ hằng số, nếu đầu ra tổng hợp là bên trái của đường cong IS, thì có anexcess________ofgoodswhichwillcauseaggregateoutputto________.",cung; rớt,cung; lên,cầu; rớt,cầu; lên,D
multiple_choice,15,"Mọi thứ khác không đổi, ifaggregateoutputistothe________oftheIScurve, rồi thereisanexcessdemandofgoodswhichwillcauseaggregateoutputto________.",Bên phải; rớt,Bên phải; lên,Bên trái; rớt,Bên trái; lên,D
multiple_choice,16,"Mọi thứ khác không đổi, ifaggregateoutputistothe________oftheIScurve, rồi thereisanexcess________ofgoodswhichwillcauseaggregateoutputtofall.",Bên phải; cung,Bên phải; cầu,Bên trái; cung,Bên trái; cầu,A
multiple_choice,17,"Mọi thứ khác không đổi, ifaggregateoutputistothe________oftheIScurve, rồi thereisanexcess________ofgoodswhichwillcauseaggregateoutputtorise.",Bên phải; cung,Bên phải; cầu,Bên trái; cung,Bên trái; cầu,D
multiple_choice,1,"Những thứ khácbình đẳng, adecreaseinautonomousconsumptionshiftsthe________curvetothe ________.",LÀ; Bên phải,LÀ; Bên trái,LM;trái,LM; phải,B
multiple_choice,2,"Trong sơ đồ chéo Keynesian, adeclineinautonomousconsumerexpenditurecausesthe aggregatedemandfunctiontoshift________andtheequilibriumlevelofaggregateoutputto ________, mọi thứ khác được giữ hằng số.",lên; lên,lên; rớt,xuống; lên,xuống; rớt,D
multiple_choice,3,"Trong sơ đồ chéo Keynesian, anincreaseinautonomousconsumerexpenditurecauses the aggregatedemandfunctiontoshift________andtheequilibriumlevelofaggregateoutputto ________, mọi thứ khác được giữ hằng số.",lên; lên,lên; rớt,xuống; lên,xuống; rớt,A
multiple_choice,5,"Trong sơ đồ chéo Keynes, sự suy giảm chi tiêu tiêu dùng tự trị gây ra aggregatedemandfunctiontoshift________, mức cân bằng của tổng hợp đầu ra rơi andtheIScurvetoshifttothe________, mọi thứ khác được giữ hằng số.",lên; Bên trái,lên; Bên phải,xuống; Bên trái,xuống; Bên phải,C
multiple_choice,6,"Trong sơ đồ chéo Keynesian, adeclineinautonomousconsumerexpenditurecausesthe tổng cầu chức năng để dịch chuyển, theequilibriumlevelofaggregateoutputto________, andtheIScurvetoshifttothe________, mọi thứ khác được giữ hằng số.",lên; Bên trái,lên; Bên phải,rớt; Bên trái,rớt; Bên phải,C
multiple_choice,7,"Trong sơ đồ chéo Keynesian, anincreaseinautonomousconsumerexpenditurecausesthe tổng hợp nhu cầu chức năng để shiftup, theequilibriumlevelofaggregateoutputto________, andtheIScurvetoshifttothe________, mọi thứ khác được giữ hằng số.",lên; Bên trái,lên; Bên phải,rớt; Bên trái,rớt; Bên phải,B
multiple_choice,9,"Giảm chi tiêu tiêu dùng tự trịnguyên nhânmức cân bằng của tổng hợp outputto________atanygiveninterestrateandshiftsthe________curvetothe________, mọi thứ khác không đổi.",lên; LM; phải,trỗi dậy; Bên phải,ngã;IS; Bên trái,rớt; LM;trái,C
multiple_choice,10,"Mọi thứ khác không đổi, thay đổi trong lãi suất ảnh hưởng đến kế hoạch chi tiêu đầu tư và do đó mức cân bằng của sản lượng, nhưng điều này thay đổi trong chi tiêu đầu tư",chỉ đơn thuần là nguyên nhân của chuyển động dọc theo đường cong và không thay đổi.,bị chen chúc bởi thuế cao hơn.,là đông đúc bởi chi tiêu của chính phủ cao hơn.,bị đông đúc bởi chi tiêu tiêu dùng thấp hơn.,A
multiple_choice,11,"Ariseinautonomousplannedđầu tưchi tiêunguyên nhânmức cân bằng của tổng outputto________andshiftsthe________curvetothe________, mọi thứ khác được giữ không đổi.",lên; LM; phải,trỗi dậy; Bên phải,ngã;IS; Bên trái,rớt; LM;trái,B
multiple_choice,13,"Trong sơ đồ chéo Keynesian, giảm đầu tư chi tiêu bởi vì các công ty trở nên bi quan hơn về khả năng đầu tư lợi nhuậnnguyên nhânchức năng tổng hợp nhu cầu để shift________andtheequilibriumlevelofaggregateoutputto________, mọi thứ khác không đổi.",lên; lên,lên; rớt,xuống; lên,xuống; rớt,D
multiple_choice,14,"Trong sơ đồ chéo Keynesian, tăng đầu tư chi tiêu bởi vì các công ty trở nên lạc quan hơn về đầu tư khả năng sinh lờinguyên nhân tổng hợp nhu cầu chức năng shift________andtheequilibriumlevelofaggregateoutputto________, mọi thứ khác không đổi.",lên; lên,lên; rớt,xuống; lên,xuống; rớt,A
multiple_choice,15,"Trong sơ đồ chéo Keynesian, tăng đầu tư chi tiêu bởi vì các công ty trở nên lạc quan hơn về đầu tư khả năng sinh lờinguyên nhânchức năng tổng hợp nhu cầu để shift________, mức cân bằng của tổng hợp đầu ra tăng lên, và IScurve để chuyển sang ________, mọi thứ khác được giữ không đổi.",lên; Bên trái,lên; Bên phải,xuống; Bên trái,xuống; Bên phải,B
multiple_choice,17,"Trong sơ đồ chéo Keynesian, giảm đầu tư chi tiêu bởi vì các công ty trở nên bi quan hơn về khả năng sinh lời đầu tư, nguyên nhântổng cầuchức năng để chuyển xuống, theequilibriumlevelofaggregateoutputto________, và IScurvetoshiftto the ________, mọi thứ khác được giữ không đổi.",lên; Bên trái,lên; Bên phải,rớt; Bên trái,rớt; Bên phải,C
multiple_choice,18,"Trong sơ đồ chéo Keynes, tăng đầu tư chi tiêu bởi vì các công ty trở nên lạc quan hơn về khả năng đầu tư lợi nhuậnnguyên nhânchức năng nhu cầu tổng hợp để dịch chuyển, theequilibriumlevelofaggregateoutputto________ và IScurvetoshift sang ________, mọi thứ khác không đổi.",lên; Bên trái,lên; Bên phải,rớt; Bên trái,rớt; Bên phải,B
multiple_choice,19,"Giảm chi tiêu theo kế hoạch tự chủ, những thứ khác bình đẳng, thay đổi ________curvetothe________.",LÀ; Bên phải,LÀ; Bên trái,LM;trái,LM; phải,B
multiple_choice,21,"Giảm chi tiêu của chính phủ nguyên nhânmức cân bằng của tổng sản lượng thành ________atanygiveninterestrateandshiftsthe________curvetothe________, mọi thứ khác được giữ không đổi.",lên; LM; phải,ngã;IS; Bên trái,rớt; LM;trái,trỗi dậy; Bên phải,B
multiple_choice,22,TheIScurveshiftstotheleftkhi nào,thuếtăng.,chi tiêu chính phủtăng.,cungtiềntăng.,tự trị có kế hoạch đầu tưchi tiêutăng.,A
multiple_choice,23,"Adeclineintaxes________consumerexpenditureandshiftsthe________curvetothe ________, mọi thứ khác không đổi.",Tăng; LM; phải,thấp hơn;IS; Bên trái,tăng;IS; Bên phải,Giảm; LM;trái,C
multiple_choice,25,"Ataxcut________disposableincome, ________consumptionexpenditure, và dịch chuyển IScurvetothe________, mọi thứ khác được giữ không đổi.",Tăng; Tăng; Bên phải,Tăng; Giảm; Bên phải,Giảm; Tăng; Bên trái,Giảm; Giảm; Bên trái,A
multiple_choice,26,"Nếusinh viên đại học người Mỹquyết định rằng uốngbia bia được ủ ở Mexico được chú ý, xuất khẩu ròng sẽ có xu hướng rơi xuống, causingaggregatedemandto________andthe________ đường cong để chuyển sang trái, mọi thứ khác được giữ không đổi.",rớt; LM,ngã;IS,lên; LM,trỗi dậy;IS,B
multiple_choice,27,"Nếucác chuyên gia kinh doanh trẻ ở Mỹđột nhiên quyết định rằng lái xe ô tô do Đức sản xuất là một trạng thái quan trọngbiểu tượng, netexportswilltendto________causingaggregatedemandto ________, mọi thứ khác được giữ không đổi.",rớt; rớt,rớt; lên,lên; rớt,lên; lên,A
multiple_choice,29,AnautonomousappreciationoftheU.S.dollarmakesAmericangoods________expensive relativetoforeigngoodswhich________netexportsintheU,kém; Giảm,kém; Tăng,nhiều hơn; Giảm,nhiều hơn; Tăng,C
multiple_choice,30,"Ashiftintastestowardforeigngoods________netexportsintheU.S.andcausesthe quantityofaggregateoutputdemandedto________intheU.S., mọi thứ khác được giữ không đổi.",Giảm; lên,Giảm; rớt,Tăng; lên,Tăng; rớt,B
multiple_choice,31,"Mọi thứ khác không đổi, thay đổi hương vị của Hoa Kỳ sang hàng hóa Mexico sẽ ________netexportsintheU và nguyên nhân là số lượng tổng sản lượng được yêu cầu cho ________inMexico.",giảm; lên,giảm; rớt,tăng; lên,tăng; rớt,A
multiple_choice,33,"Mọi thứ khác không đổi, thay đổi hương vị của Hoa Kỳ đối với hàng hóa Mỹ sẽ ________netexportsintheU và nguyên nhân là số lượng tổng sản lượng được yêu cầu cho ________inMexico.",giảm; lên,giảm; rớt,tăng; lên,tăng; rớt,D
multiple_choice,34,"AshiftintastestowardAmericangoods________netexportsintheU.S.andcausestheIS curvetoshifttothe________intheU.S.,everythingelseheldconstant.",Giảm; Bên phải,Giảm; Bên trái,Tăng; Bên phải,Tăng; Bên trái,C
multiple_choice,35,"Ashiftintastestowardforeigngoods________netexportsintheU.S.andcausestheIS curvetoshifttothe________intheU.S., mọi thứ khác không đổi.",Giảm; Bên phải,Giảm; Bên trái,Tăng; Bên phải,Tăng; Bên trái,B
multiple_choice,37,"Đánh giá cao của đồng đô la Mỹ tạo ra hàng hóa nước ngoàischeaperrelativetoAmericangoods, resultingina________innetexportsintheU.S.anda________shiftoftheIScurveinthe U.S.,mọi thứ khác không đổi.",rớt; sang trái,lên; sang trái,rớt; sang phải,lên; sang phải,A
multiple_choice,38,Đường cong nào sau đây không dịch chuyển?,tăng tiêu dùng tự trị,tăng chi tiêu của chính phủ,asuy giảmchi tiêu của chính phủ,AfallintheLãi suất,D
multiple_choice,1,"Bởi vì giá chậm trong ngắn hạn, khi Cục Dự trữ Liên bang hạ lãi suất quỹ liên bang",lãi suất danh nghĩa tăng.,lãi suất thực giảm.,lạm phát giảm.,lãi suất thực tăng.,B
multiple_choice,1,Đường cong chính sách tiền tệ (MP) cho biết mối quan hệ giữa,Lãi suất quỹ liên bang và lãi suất thực.,Lãi suất Quỹ Liên bang và tỷ lệ lạm phát.,tỷ lệ lạm phát và tỷ lệ lạm phát dự kiến.,lãi suất thực tế mà ngân hàng trung ương đặt ra và tỷ lệ lạm phát.,D
multiple_choice,2,Độ dốc lên của đường cong MP cho thấy rằng,Ngân hàng trung ương hạ lãi suất thực khi lạm phát tăng.,Ngân hàng trung ương tăng lãi suất thực khi lạm phát giảm.,Ngân hàng trung ương tăng lãi suất danh nghĩa khi lạm phát tăng.,Ngân hàng trung ương tăng lãi suất thực khi lạm phát tăng.,D
multiple_choice,3,Nguyên tắc Taylor nói rằng các ngân hàng trung ương tăng lãi suất danh nghĩa ________ hơn bất kỳ sự gia tăng lạm phát dự kiến nào để lãi suất thực ________ khi lạm phát tăng.,kém; lên,nhiều hơn; rớt,kém; rớt,nhiều hơn; lên,D
multiple_choice,5,Thắt chặt chính sách tiền tệ tự chủ,gây ra một chuyển động đi lên dọc theo đường cong chính sách tiền tệ.,gây ra xu hướng giảm dọc theo đường cong chính sách tiền tệ.,dịch chuyển đường cong chính sách tiền tệ lên trên.,dịch chuyển đường cong chính sách tiền tệ đi xuống.,C
multiple_choice,6,Nới lỏng chính sách tiền tệ tự chủ,gây ra một chuyển động đi lên dọc theo đường cong chính sách tiền tệ.,gây ra xu hướng giảm dọc theo đường cong chính sách tiền tệ.,dịch chuyển đường cong chính sách tiền tệ lên trên.,dịch chuyển đường cong chính sách tiền tệ đi xuống.,D
multiple_choice,7,"Dựa trên Nguyên tắc Taylor, phản ứng nội sinh của ngân hàng trung ương là tăng lãi suất khi lạm phát tăng",gây ra một chuyển động đi lên dọc theo đường cong chính sách tiền tệ.,gây ra xu hướng giảm dọc theo đường cong chính sách tiền tệ.,dịch chuyển đường cong chính sách tiền tệ lên trên.,dịch chuyển đường cong chính sách tiền tệ đi xuống.,A
multiple_choice,9,"Áp lực lạm phát đã khiến FOMC tăng lãi suất quỹ liên bang thêm 1/4 điểm phần trăm vào tháng 6 năm 2004, và với cùng một số tiền trong mỗi cuộc họp FOMC tiếp theo cho đến tháng 6 năm 2006. Hành động này",gây ra một chuyển động đi lên dọc theo đường cong chính sách tiền tệ.,gây ra một xu hướng giảm dọc theo đường cong chính sách tiền tệ.,dịch chuyển đường cong chính sách tiền tệ đi lên.,dịch chuyển đường cong chính sách tiền tệ đi xuống.,A
multiple_choice,10,Các hành động chính sách của Fed là phản ứng với lạm phát cao hơn bằng cách tăng lãi suất thực trong giai đoạn 2004-2006 và 2015-2019 là,chuyển động đi lên dọc theo đường cong chính sách tiền tệ.,chuyển động đi xuống dọc theo đường cong chính sách tiền tệ.,sự dịch chuyển đi lên của đường cong chính sách tiền tệ.,sự dịch chuyển đi xuống của đường cong chính sách tiền tệ.,A
multiple_choice,11,"Khi cuộc khủng hoảng tài chính bắt đầu vào tháng 8 năm 2007, lạm phát đang gia tăng và Fed bắt đầu nới lỏng mạnh mẽ việc hạ lãi suất quỹ liên bang, điều này cho thấy rằng",Fed theo đuổi việc thắt chặt chính sách tiền tệ tự chủ.,Fed theo đuổi chính sách nới lỏng tiền tệ tự chủ.,Fed đã có phản ứng tiêu cực tự động đối với lạm phát dựa trên quy tắc Taylor.,Fed đã có phản ứng tích cực tự động đối với lạm phát dựa trên quy tắc Taylor.,B
multiple_choice,13,"Khi cuộc khủng hoảng tài chính bắt đầu vào tháng 8 năm 2007, lạm phát đang gia tăng và Fed bắt đầu nới lỏng mạnh mẽ việc hạ lãi suất quỹ liên bang, điều này cho thấy rằng",Đã có một chuyển động đi lên dọc theo đường cong chính sách tiền tệ.,Đã có một chuyển động giảm dọc theo đường cong chính sách tiền tệ.,Đường cong chính sách tiền tệ dịch chuyển đi lên.,Đường cong chính sách tiền tệ dịch chuyển đi xuống.,D
multiple_choice,14,"Với tỷ lệ thất nghiệp thấp và tỷ lệ lạm phát gần mức mục tiêu, khi cuộc khủng hoảng coronavirus lần đầu tiên bắt đầu, Fed đã quyết định giảm lãi suất quỹ liên bang, điều này cho thấy rằng",Đã có một chuyển động đi lên dọc theo đường cong chính sách tiền tệ.,Đã có một chuyển động giảm dọc theo đường cong chính sách tiền tệ.,Đường cong chính sách tiền tệ dịch chuyển đi lên.,Đường cong chính sách tiền tệ dịch chuyển đi xuống.,D
multiple_choice,1,"Khi suy ra đường cầu tổng hợp, tỷ lệ lạm phát ________ dẫn đến việc ngân hàng trung ương ________ lãi suất thực, do đó ________ mức tổng sản lượng cân bằng.",trên; nâng; Giảm,hạ; nâng; Giảm,trên; hạ; Giảm,trên; hạ; Nuôi,A
multiple_choice,2,"Đường cầu tổng hợp đang dốc xuống vì tỷ lệ lạm phát cao hơn khiến ngân hàng trung ương tăng lãi suất ________, do đó ________ mức cân bằng tổng sản lượng., mọi thứ khác không đổi.",thực; Giảm,thực; Nuôi,danh nghĩa; Giảm,danh nghĩa; Nuôi,A
multiple_choice,3,"Đường cầu tổng hợp đang dốc xuống vì tỷ lệ lạm phát cao hơn khiến ngân hàng trung ương ________ lãi suất thực, do đó ________ mức cân bằng tổng sản lượng., mọi thứ khác không đổi.",nâng; Giảm,nâng; Nuôi,giảm; Giảm,giảm; Nuôi,A
multiple_choice,4,"Mọi thứ khác không đổi, sự gia tăng chi tiêu của chính phủ sẽ gây ra",tổng cầu tăng.,tổng cầu giảm.,số lượng tổng cầu tăng lên.,số lượng tổng cầu giảm.,A
multiple_choice,6,"Mọi thứ khác được giữ không đổi, một sự thắt chặt tự chủ của chính sách tiền tệ sẽ gây ra",số lượng tổng cầu tăng lên.,số lượng tổng cầu giảm.,tổng cầu tăng.,tổng cầu giảm.,D
multiple_choice,7,"Mọi thứ khác được giữ không đổi, một chính sách tiền tệ nới lỏng tự chủ sẽ gây ra",tổng cầu tăng.,tổng cầu giảm.,số lượng tổng cầu tăng lên.,số lượng tổng cầu giảm.,A
multiple_choice,8,"Mọi thứ khác không đổi, sự gia tăng chi tiêu của người tiêu dùng tự chủ sẽ khiến đường cong IS chuyển sang ________ và tổng cầu sẽ ________.",Bên phải; tăng,Bên phải; giảm,Bên trái; tăng,Bên trái; giảm,A
multiple_choice,9,"Mọi thứ khác không đổi, việc giảm chi tiêu tiêu dùng tự trị sẽ khiến đường cong IS chuyển sang ________ và tổng cầu sẽ ________.",Bên phải; tăng,Bên phải; giảm,Bên trái; tăng,Bên trái; giảm,D
multiple_choice,11,"Mọi thứ khác không đổi, việc giảm chi tiêu đầu tư theo kế hoạch tự động sẽ khiến đường cong IS chuyển sang ________ và tổng cầu sẽ ________.",Bên phải; tăng,Bên phải; giảm,Bên trái; tăng,Bên trái; giảm,D
multiple_choice,12,"Mọi thứ khác không đổi, thuế ròng giảm sẽ khiến đường cong IS chuyển sang ________ và tổng cầu sẽ ________.",Bên phải; tăng,Bên phải; giảm,Bên trái; tăng,Bên trái; giảm,A
multiple_choice,13,"Mọi thứ khác không đổi, việc tăng thuế ròng sẽ khiến đường cong IS chuyển sang ________ và tổng cầu sẽ ________.",Bên phải; tăng,Bên phải; giảm,Bên trái; tăng,Bên trái; giảm,D
multiple_choice,15,"Mọi thứ khác không đổi, sự mất giá của đồng nội tệ sẽ khiến đường cong IS chuyển sang ________ và tổng cầu sẽ ________.",Bên phải; tăng,Bên phải; giảm,Bên trái; tăng,Bên trái; giảm,A
multiple_choice,16,"Mọi thứ khác không đổi, việc giảm chi tiêu của chính phủ sẽ khiến đường cong IS chuyển sang ________ và tổng cầu sẽ ________.",Bên phải; tăng,Bên phải; giảm,Bên trái; tăng,Bên trái; giảm,D
multiple_choice,1,"Tổng sản lượng (thực tếGDP) có thể được chia thành hai thành phần: xu hướng dài hạn, isreferredtoas________andfluctuationsaroundthistrend, whichisreferredtoas________.",tiềm năng; chu kỳ kinh doanh,chu kỳ kinh doanh; Tiềm năngđầu ra,chu kỳ kinh doanh; khoảng cách đầu ra,tiềm năng; Lạm phát,A
multiple_choice,2,"Trong quý thứ hai của năm 2020, tổng sản lượng của Hoa Kỳ thấp hơn 10% sản lượng tiềm năng, cho thấy rằng khoảng cách đầu ra",-10%.,10%.,#NAME?,10%×GDP.,A
multiple_choice,3,"Trong quý II năm 2020, GDP thực tế là 17,282 nghìn tỷ đô la, trong khi GDP tiềm năng là 19,204 nghìn tỷ đô la. Tính toán cho khoảng cách đầu ra cho quý đó là",-10%.,10%.,-1.922 nghìn tỷ USD.,1.922 nghìn tỷ USD.,A
multiple_choice,4,Suy thoái 2007-2009 gây ra bởi cuộc khủng hoảng tài chính toàn cầu,Đại suy thoái.,Đại suy thoái.,Điều độ tuyệt vời.,Covid-19Suy thoái,A
multiple_choice,6,Lạm phát ưu tiênđo lường củaCục Dự trữ Liên bang là,PCExì hơi.,Chỉ số giảm phát CPI.,GDPgiảm phát.,PPIxì hơi.,A
multiple_choice,1,"________isthetotalquantityofgoodsandservicesthathouseholds, doanh nghiệp, chính phủ và người nước ngoài muốn mua (nhu cầu) ở bất kỳ tỷ lệ lạm phát nhất định nào trong một khoảng thời gian cụ thể.",Đường cong nhu cầu tổng hợp,Tổng hợpquantitydemanded,Đường cong Phillips,Theaggregateexpenditurehàm,B
multiple_choice,2,Tổng hợpsố lượng yêu cầu chủ nghĩa thành phần của các bộ phận:,"chi tiêu tiêu dùng, chi tiêu đầu tư theo kế hoạch, mua sắm của chính phủ, và xuất khẩu ròng.","chi tiêu tiêu dùng, chi tiêu đầu tư thực tế, mua sắm của chính phủ, và xuất khẩu mạng.","chi tiêu tiêu dùng, chi tiêu đầu tư theo kế hoạch, mua sắm của chính phủ, và tổng xuất khẩu.","chi tiêu tiêu dùng, chi tiêu đầu tư theo kế hoạch, mua sắm của chính phủ và thuế.",A
multiple_choice,4,"Bằng cách nhìntagtổng hợpsố lượngđược yêu cầuviaitsthành phầncác bộ phận, chúng tôi có thể kết luận rằng tổng hợpđường cong nhu cầu dốc xuống vì",Alowerlạm pháttỷ lệ nguyên nhânsantăngtổng hợp sản lượng yêu cầu.,Alowerlạm pháttỷ lệ nguyên nhânsasuy giảmtổng hợp sản lượng yêu cầu.,Acao hơnlạm phátratecausestherealinterestratetofall.,acao hơnlạm pháttỷ lệ kích thíchkế hoạch đầu tưchi tiêu.,A
multiple_choice,5,"Cái nào sau đây không đúng về từ ""tự trị"" đó là nhà kinh tế?",Thay đổi trong các thành phần tự trị được liên kết với chuyển độngsalongacurve.,Thay đổi trong các thành phần tự trị được liên kết với shiftsofacurve.,Thành phần tự trị của một biến đổi sinh dục.,Thành phần tự trị của một biến độc lập với các biến khác trong mô hình.,A
multiple_choice,6,"Cái nào sau đây không đúng về từ ""tự trị"" đó là nhà kinh tế?",Thay đổi trong các thành phần tự trị được liên kết với shiftsofacurve.,Thành phần tự trị của một biến đổi sinh dục.,Thành phần tự trị của một biến độc lập với các biến khác trong mô hình.,Thành phần tự trị của một biến được gây ra bởi các biến khác trong mô hình.,D
multiple_choice,8,"Mọi thứ khác không đổi, anautonomousmonetarypolicytightening________aggregate ________.",Tăng; cầu,Giảm; cầu,Giảm; cung,Tăng; cung,B
multiple_choice,9,"Mọi thứ khác không đổi, khi xích mích tài chính tăng, có chi phí đi vay ________sothatplannedinvestmentspending________atanygiveninflationrate.",Tăng; Falls,Giảm; Falls,Giảm; Tăng,Tăng; Tăng,A
multiple_choice,10,"Mọi thứ khác không đổi, anincreaseinfinancialfrictions________aggregate ________.",Tăng; cầu,Giảm; cầu,Giảm; cung,Tăng; cung,B
multiple_choice,12,"Mọi thứ khác không đổi, adecreaseingovernmentspending________aggregate ________.",Tăng; cầu,Giảm; cầu,Giảm; cung,Tăng; cung,B
multiple_choice,13,"Mọi thứ khác không đổi, adecreaseinnettaxes________aggregate________.",Tăng; cầu,Giảm; cầu,Giảm; cung,Tăng; cung,A
multiple_choice,14,"Mọi thứ khác không đổi, anincreaseinnettaxes________aggregate________.",Tăng; cầu,Giảm; cầu,Giảm; cung,Tăng; cung,B
multiple_choice,15,"Mọi thứ khác không đổi, ngân sách cân bằngtăng chi tiêu của chính phủ (nghĩa là, sự gia tăng trong chi tiêu của chính phủ phù hợp với số tiền tăng thuế ròng) sẽ","tăngtổng cầu, nhưngnotbyasmuchasifjustchính phủchi tiêutăng.",tăngtổng hợp nhu cầubymorethanifjustchính phủchi tiêutăng.,notaffectaggregatedemand.,giảmtổng cầu.,A
multiple_choice,17,"Mọi thứ khác không đổi, adecreaseinnetexports________aggregate________.",Tăng; cầu,Giảm; cầu,Giảm; cung,Tăng; cung,B
multiple_choice,18,"Mọi thứ khác không đổi, anincreaseinplannedinvestmentexpenditure________ aggregate________.",Tăng; cầu,Giảm; cầu,Giảm; cung,Tăng; cung,A
multiple_choice,19,"Mọi thứ khác không đổi, adecreaseinplannedinvestmentexpenditure________ aggregate________.",Tăng; cầu,Giảm; cầu,Giảm; cung,Tăng; cung,B
multiple_choice,20,"Mọi thứ khác không đổi, tổng cầutăng khi",cắt thuế.,chi tiêu của chính phủgiảm.,Linh hồn động vậtgiảm.,cung tiền giảm.,A
multiple_choice,22,"Mọi thứ khác được giữ hằng số, điều nào sau đây KHÔNG gây ra nhu cầu tổng hợp để tăng?",anincreaseinnetxuất khẩu,tăng chi tiêu của chính phủ,anincreaseintaxes,tăng cườngsự lạc quan của người tiêu dùng,C
multiple_choice,1,Đường cong cung tổng hợp cho thấy mối quan hệ giữa,ThelevelofInputsandAggregateOutput.,Tỷ lệ lạm phát và mức đầu vào.,mức lương và mức độ việc làm.,Tỷ lệ lạm phát và mức đầu ra tổng hợp được cung cấp.,D
multiple_choice,2,Tỷ lệ thất nghiệp kéo dài đến nền kinh tế luôn hấp dẫn,tỷ lệ thất nghiệp bình thường.,tỷ lệ thất nghiệp tự nhiên.,trung lập thất nghiệp.,lạm pháttỷ lệ thất nghiệp.,B
multiple_choice,3,Đường cong cung cấp tổng hợp chạy dài,averticallinethroughthenon-inflationaryrateofoutput.,averticallinethông qua mức hiện tại của đầu ra.,Averticallinethông qua mức tự nhiên của đầu ra.,ahorizontallinethông qua mức hiện tại của đầu ra.,C
multiple_choice,4,Đường cong cung cấp tổng hợp chạy dài đường thẳng đứng đi qua,tỷ lệ tự nhiên của đầu ra.,mức giá tỷ lệ tự nhiên.,Tỷ lệ thực tế của thất nghiệp.,Tỷ lệ lạm phát kỳ vọng.,A
multiple_choice,5,Đường cong cung tổng hợp chạy ngắn hạn dựa trên ba yếu tố thúc đẩy lạm phát:,"kỳ vọng về lạm phát, khoảng cách đầu ra, và lạm phátc.","tiêu dùng, đầu tư theo kế hoạch và chi tiêu của chính phủ.","tổng hợp đầu ra, tiềm năng đầu ra và đầu ra.","Lãi suất danh nghĩa, Lãi suất thực, và lạm phát dự kiến.",A
multiple_choice,7,Lạm pháttăngkhi,dự kiếnlạm phátthấp hơn.,đầu ragapiscao hơn.,âm lạm phátcsốc nền kinh tế.,đầu ra tiềm năng cao hơn.,B
multiple_choice,8,Lạm pháttăngkhi,dự kiếnlạm phátthấp hơn.,đầu ragapislower.,tích cựclạm phát gây sốc cho nền kinh tế.,đầu ra tiềm năng cao hơn.,C
multiple_choice,9,________flexiblewagesandpricesimplythattheshort-runaggregatesupplylà ________.,Nhiều hơn; nịnh,Kém; dốc hơn,Kém; thẳng đứng,Nhiều hơn; dốc hơn,D
multiple_choice,1,Thelong-runaggregatecungcurveshiftstotheright khi có,giảm tổng số vốn trong nền kinh tế.,giảm tổng số lao động cung cấp cho nền kinh tế.,adecreaseinthecông nghệ có sẵn.,sự suy giảm trong tỷ lệ thất nghiệp tự nhiên.,D
multiple_choice,3,The-runaggregatecungcurveshiftstotheright khi nào,outputgapiscao hơn.,outputgapislower hơn.,Dự kiếnlạm phát cao hơn.,dự kiếnlạm phátthấp hơn.,D
multiple_choice,4,Cái nào sau đây KHÔNG dịch chuyển đường cong cung tổng hợp chạy ngắn?,nguồn cung cú sốc,PersistentPositiveOutputGap,Thay đổiLạm phát dự kiến,anincreaseinoutputgap,D
multiple_choice,1,"InanAD/ASdiagramwithanaggregateoutputindex,anaggregateoutputindexof90 đại diện cho khoảng cách đầu ra",-10%.,10%.,90%.,0%.,A
multiple_choice,2,"InanAD/ASdiagramwithanaggregateoutputindex,anaggregateoutputindexof110 đại diện cho khoảng cách đầu ra",-10%.,10%.,110%.,0%.,B
multiple_choice,3,"InanAD / ASdiagramwithanaggregateoutputindex, khi đầu ra cân bằng ngắn hạn ban đầu cao hơn đầu ra tiềm năng, thepositiveoutputgapdriveswages________andtheaggregate supplycurveshifts________.",lên; lên,xuống; xuống,lên; xuống,xuống; lên,A
multiple_choice,5,Thực tế là một nền kinh tế luôn quay trở lại mức tỷ lệ tự nhiên của đầu ra được biết đến,theexcessdemandhypothegiả thuyết.,cơ chế điều chỉnh giá.,cơ chế tự sửa chữa.,Tỷ lệ thất nghiệp tự nhiên.,C
multiple_choice,1,"Giả sử nền kinh tế đang sản xuất ở tốc độ tự nhiên của sản lượng.Anincreaseinconsumer và businessconfidencewillcause________inrealGDPintheshortrunand________ininflation trong shortrun, mọi thứ khác không đổi.",tăng cường; tăng,giảm; Giảm,không thay đổi; tăng,không thay đổi; Giảm,A
multiple_choice,2,"Giả sử nền kinh tế đang sản xuất ở tốc độ tự nhiên của sản lượng.Anincreaseinconsumer và businessconfidencewillcause________inrealGDPinthelongrunand________ininflation trong dài hạn, mọi thứ khác không đổi.",tăng cường; tăng,giảm; Giảm,không thay đổi; tăng,không thay đổi; Giảm,C
multiple_choice,4,"Giả sử nền kinh tế đang sản xuất theo tỷ lệ tự nhiên của sản lượng.Giảm tiêu dùng và businessconfidencewillcause________inrealGDPinthelongrunand________ininflation trong dài hạn, mọi thứ khác không đổi.",tăng cường; tăng,giảm; Giảm,không thay đổi; tăng,không thay đổi; Giảm,D
multiple_choice,5,"Giả sử nền kinh tế đang sản xuất theo tỷ lệ tự nhiên của sản lượng.Thị trường mở cửa mua bondsbytheFedwillcause________inrealGDPthetheshortrunand________ininflationin shortrun, mọi thứ khác không đổi.",tăng cường; tăng,giảm; Giảm,không thay đổi; tăng,không thay đổi; Giảm,A
multiple_choice,6,"Giả sử nền kinh tế đang sản xuất theo tỷ lệ tự nhiên của sản lượng.Thị trường mở cửa mua bondsbytheFedwillcause________inrealGDPinthelongrunand________ininflationin dài hạn, mọi thứ khác không đổi.",tăng cường; tăng,giảm; Giảm,không thay đổi; tăng,không thay đổi; Giảm,C
multiple_choice,8,"Giả sử nền kinh tế đang sản xuất ở tốc độ tự nhiên của sản lượng. Thị trường Anopenaleoftrái phiếu bytheFedwillcause________inrealGDPinthelongrunand________ininflationinthe dài hạn, mọi thứ khác không đổi.",tăng cường; tăng,giảm; Giảm,không thay đổi; tăng,không thay đổi; Giảm,D
multiple_choice,9,"Giả sử nền kinh tế Hoa Kỳ đang sản xuất theo tỷ lệ tự nhiên của sản lượng.Thiếu hụt U.S.dollarwillcause________inrealGDPintheshortrunand________ininflationinthe shortshorter, mọi thứ khác không đổi. (Giả định nguyên nhân mất giá không ảnh hưởng đến phía cung cấp của nền kinh tế.)",tăng cường; tăng,giảm; Giảm,không thay đổi; tăng,không thay đổi; Giảm,A
multiple_choice,10,"Giả sử nền kinh tế Hoa Kỳ đang sản xuất theo tỷ lệ tự nhiên của sản lượng.Khấu hao của U.S.dollarwillcause________inrealGDPintheshortrunand________ininflationinthe dài hạn, mọi thứ khác không đổi. (Giả định nguyên nhân mất giá không ảnh hưởng đến phía cung cấp của nền kinh tế.)",tăng cường; tăng,giảm; Giảm,không thay đổi; tăng,không thay đổi; Giảm,A
multiple_choice,12,"Giả sử nền kinh tế Hoa Kỳ đang sản xuất ở tốc độ tự nhiên của sản lượng. Đánh giá cao U.S.dollarwillcause________inrealGDPintheshortrunand________ininflationinthe dài hạn, mọi thứ khác không đổi. (Giả sử sự đánh giá cao nguyên nhân không ảnh hưởng đến phía cung cấp của nền kinh tế.)",tăng cường; tăng,giảm; Giảm,không thay đổi; tăng,không thay đổi; Giảm,B
multiple_choice,13,"Giả sử nền kinh tế đang sản xuất dưới tỷ lệ tự nhiên của sản lượng và chính phủ đang bị thâm hụt ngân sách lớn. Để giải quyết vấn đề thâm hụt, giả sử chính phủ thực hiện hành động chính sách để giảm kích thước của các khoản thâm hụt. Thispolicyactionwillcause________in theunemploymentrateintheshortrunand________ininflationintheshortrun, mọi thứ khác không đổi.",tăng cường; tăng,giảm; Giảm,giảm; tăng,tăng cường; Giảm,D
multiple_choice,14,"Giả sử nền kinh tế Hoa Kỳ isoperatingat tiềm năng đầu ra.Cú sốc nguồn cung tiêu cực đó là accommodatedbyanopenmarketpurchasebytheFederalReservewillcause________inreal GDPinthelongrunand________ininflationinthelongrun, mọi thứ khác không đổi.",không thay đổi; tăng,không thay đổi; Giảm,tăng cường; tăng,giảm; Giảm,A
multiple_choice,16,Cựu Chủ tịch FedVolcker'sautonomoussiết chặt chính sách tiền tệ trong những năm 1980 gây ra một economic________andledtoa________ininflation.,Suy thoái; từ chối,Mở rộng; từ chối,Suy thoái; lên,Mở rộng; lên,A
multiple_choice,1,"Mọi thứ khác không đổi, anincreaseinthecostofproduction________aggregate ________.",Tăng; cầu,Giảm; cầu,Tăng; cung,Giảm; cung,D
multiple_choice,2,"Mọi thứ khác không đổi, adecreaseinthecostofproduction________aggregate ________.",Tăng; cầu,Giảm; cầu,Tăng; cung,Giảm; cung,C
multiple_choice,3,"Mọi thứ khác không đổi, whenoutputis________thenaturalratelevel, tiền lương sẽ beginto________, tăng nguồn cung tổng hợp chạy ngắn.",trên; rớt,trên; lên,dưới; rớt,dưới; lên,C
multiple_choice,4,"Mọi thứ khác không đổi, whenoutputis________thenaturalratelevel, tiền lương sẽ beginto________, giảm tổng cung ngắn.",trên; rớt,trên; lên,dưới; rớt,dưới; lên,B
multiple_choice,6,Giảm tính sẵn có của nguyên liệu thô làm tăng mức giá được gọi là ________shock,Nhu cầu tiêu cực,Nhu cầu tích cực,Tiêu cựcCung cấp,Cung cấp tích cực,C
multiple_choice,7,Anegativesupplyshockcauses________to________.,tổng cầu; tăng,tổng cầu; giảm,nguồn cung tổng hợp chạy ngắn; giảm,nguồn cung tổng hợp chạy ngắn; tăng,C
multiple_choice,8,Apositivesupplyshockcauses________to________.,tổng cầu; tăng,tổng cầu; giảm,nguồn cung tổng hợp chạy ngắn; giảm,nguồn cung tổng hợp chạy ngắn; tăng,D
multiple_choice,10,"Theo phân tích tổng hợp nhu cầu và cung cấp, sau đó các cú sốc cung cấp từ năm 1973-1975 và 1978-1980 có ảnh hưởng của","tăngtổng sản lượng, giảm tỷ lệ thất nghiệp, và tăng lạm phát.","giảmtổng sản lượng, tăng thất nghiệp, và tăng lạm phát.","tăngtổng sản lượng, tăng thất nghiệp, và tăng lạm phát.","giảm tổng sản lượng, tăng thất nghiệp, và giảm lạm phát.",B
multiple_choice,1,"Theo phân tích tổng cầu và cung, giá dầu tăng cùng với cuộc khủng hoảng tài chính toàn cầu trong năm 2007-2008causedtheunemploymentrateto________andthelevelof realaggregateoutputto________.",tăng; tăng,tăng; giảm,giảm; tăng,giảm; giảm,B
multiple_choice,2,"Giá của barrelofoild tăng gấp đôi giữa năm 2007 và giữa năm 2008.Tomakematters tồi tệ hơn, khủng hoảng tài chính đến nền kinh tế Hoa Kỳ bắt đầu vào tháng 8 năm 2007.Cái nào sau đây là mô tả thích hợp về cơ chế sẽ xảy ra?",Sự gia tăng giá dầu sẽ ngay lập tức dịch chuyển đường cong sang bên phải.,Khủng hoảng tài chính sẽ dẫn đến sự giảm chi tiêu sắc nétdịch chuyển đường cong AD sang phải.,"Sự thay đổi trong cả hai ADandtheAScurve sẽ không xảy ra trong ngắn hạn, miễn là không có tác động sốc nào đến sản lượng tiềm năng, cuối cùng thất nghiệp sẽ không bị ảnh hưởng trong dài hạn.",Tất cả những điều trên. E) Không có điều gì ở trên.,C
multiple_choice,3,"Trong dài hạn, sau sự kết hợp của cú sốc nhu cầu tiêu cực và cú sốc nguồn cung tiêu cực,",cả lạm phát và đầu ra trở lại các giá trị cân bằng dài hạn ban đầu.,"lạm phát tăng vĩnh viễn, trong khi đầu ratrở lại tiềm năng.","đầu ratrở lại tiềm năngđầu ra, trong khi lạm phát có thể cao hơn hoặc thấp hơn giá trị ban đầu của nó.","lạm phát giảm vĩnh viễn, trong khi đầu ra trở lại tiềm năng. E) Không có điều gì ở trên.",D
multiple_choice,5,"Suy thoái Covid-19 đã được kích hoạt bởi các đợt phong tỏa bắt đầu vào tháng 3 năm 2020, gây ra productiontoshutdownandthe________curvetoshifttothe________. Sau đóphong tỏa đã giảm chi tiêu hộ gia đình và doanh nghiệp, causingthe________curvetoshifttothe________.",nguồn cung tổng hợp chạy ngắn; Bên trái; tổng cầu; Bên trái,nguồn cung tổng hợp chạy ngắn; Bên phải; tổng cầu; Bên trái,tổng cầu; Bên phải; nguồn cung tổng hợp chạy ngắn; Bên trái,tổng cầu; Bên trái; nguồn cung tổng hợp chạy ngắn; Bên phải,A
multiple_choice,1,"ThePhillipscurveindicatesthatwhenthelabormarketis________, chi phí sản xuất sẽ ________andaggregatesupplyincreases.",dễ; lên,dễ; rớt,chặt chẽ; rớt,chặt chẽ; lên,B
multiple_choice,2,"ThePhillipscurveindicatesthatwhenthelabormarketis________, chi phí sản xuất sẽ ________andaggregatesupplydecreases.",dễ; lên,dễ; rớt,chặt chẽ; rớt,chặt chẽ; lên,D
multiple_choice,1,"Anautonomousmonetarypolicyeasingtemporarily________realinterestratesand ________aggregateoutputintheshortrun, nhưng trong dài hạnlãi suất thực tế và tổng sản lượng trở lại mức cân bằng.",Giảm; Tăng,Giảm; Giảm,Tăng; Giảm,Tăng; Tăng,A
multiple_choice,2,Không tự chủchính sách tiền tệnới lỏnggiảm thực tếlãi suất và gây ratổng hợp ________andtheinflationraterises________ đầu ra.,Tạm thời; Vĩnh viễn,Vĩnh viễn; Tạm thời,Vĩnh viễn; Vĩnh viễn,Tạm thời; Tạm thời,A
multiple_choice,3,chính sách tiền tệcơ quan có thể ảnh hưởng đến lãi suất thực tế,"intheshortrun, nhưng notinthelongrun.","inthelongrun, nhưngnotintheshortrun.",Vĩnh viễn.,cả longrunandtheshortrun.,A
multiple_choice,5,Positivespendingshocksleadto________output________.,trên; cả ngắn và dài,trên; trong shortrunbutnotinthelongrun,hạ; cả ngắn và dài,hạ; trong shortrunbutnotinthelongrun,B
multiple_choice,6,Positivespendingshocksleadto________inflation________.,trên; cả ngắn và dài,trên; trong shortrunbutnotinthelongrun,hạ; cả ngắn và dài,hạ; trong shortrunbutnotinthelongrun,A
multiple_choice,7,Atemporarysupplycú sốclàm tăng giásẽcausetherealinterestrateto,tăng cả ngắn và dài.,riseintheshortrunbutnotinthelongrun.,fallintheshortruns và longruns.,fallintheshortrunbutnotinthelongrun.,B
multiple_choice,8,Nguồn cung tạm thờigây sốc làm tăng giá,sẽ có lãi suất tăng trong dài hạn.,không có tác động dài hạn đến lạm phát và đầu ra.,nguyên nhân đầu ra để giảm trong thời gian dài.,nguyên nhân lạm phát tăng trong dài hạn.,B
multiple_choice,10,Apermanentnegativesupplyshockleadsto________output________.,trên; cả ngắn và dài,trên; trong shortrunbutnotinthelongrun,hạ; cả ngắn và dài,hạ; trong shortrunbutnotinthelongrun,C
multiple_choice,11,Apermanentnegativesupplyshockleadsto________inflation________.,trên; cả ngắn và dài,trên; trong shortrunbutnotinthelongrun,hạ; cả ngắn và dài,hạ; trong shortrunbutnotinthelongrun,A
multiple_choice,12,"Anautonomousmonetarypolicyeasing________realinterestratesand________outputin shortrun,thereby________stockprices.",Tăng; Giảm; Giảm,Tăng; Tăng; Nuôi,Giảm; Tăng; Nuôi,Giảm; Tăng; Giảm,C
multiple_choice,13,"Apositivespendingshock________realinterestratesand________outputintheshortrun, therebyitseffectonstockpricesis________.",Tăng; Giảm; Dương tính,Tăng; Tăng; mơ hồ,Giảm; Tăng; Âm tính,Giảm; Tăng; Dương tính,B
multiple_choice,15,Apermanentnegativesupplyshockcausesstockpricesto________thantheywouldifthe cung cấp là tạm thời.,Fallmore,không rơi,tăng thêm,không tăng,A
multiple_choice,1,"Các nhà hoạch định chính sách tiền tệ sẵn sàng tăng lãi suất khi đối mặt với lạm phát, the________the ADcurve andthe________responsiveequilibriumoutputistotheinflation lãi suất.",dốc hơn; nhiều hơn,dốc hơn; kém,nịnh; nhiều hơn,nịnh; kém,A
multiple_choice,2,"Anautonomouseasingofmonetarypolicyresultsina________levelofequilibriumoutput, shiftingtheaggregatedemandcurvetothe________.",trên; Bên phải,hạ; Bên phải,trên; Bên trái,hạ; Bên trái,A
multiple_choice,4,Trong trạng thái cân bằng dài hạn,đầu ra là chức năng của chi tiêu tự trị.,lạm phát là chức năng của lạm phát past.,lạm phátbằngđầu ra tiềm năng.,outputequalpotentialoutput.,D
multiple_choice,1,Các nhà hoạch định chính sách không thể đạt được cả sự ổn định giá cả và hoạt động kinh tế khi đối mặt,nguồn cung.,cú sốc chính sách tiền tệ.,nhu cầu.,tất cả những điều trên.,A
multiple_choice,2,Đại dịch coronavirus bắt đầu vào tháng 3 năm 2020 gây ra cả chi tiêu tiêu dùng và kinh doanh,dịch chuyển đường cầu tổng hợp sang phải.,đã dịch chuyển đường cầu tổng hợp sang trái.,dịch chuyển đường cong cung tổng hợp sang phải.,dịch chuyển đường cung tổng hợp sang trái.,B
multiple_choice,7,"Khi nền kinh tế chịu một cú sốc nguồn cung âm, chính sách tiền tệ tự chủ của ngân hàng trung ương theo lạm phát mục tiêutỷ lệ lạm phát dẫn đến",hoạt động kinh tế ổn định hơn.,một độ lệch lớn về đầu ra so với tiềm năng của nó.,sự trùng hợp thiêng liêng.,cả B và C.,B
multiple_choice,8,"Khi nền kinh tế chịu một cú sốc nguồn cung tiêu cực và các nhà hoạch định chính sách tiền tệ cố gắng ổn định hoạt động kinh tế trong ngắn hạn, thì",đường cầu tổng hợp dịch chuyển sang phải.,sản lượng sẽ có tiềm năng của nó.,tỷ lệ lạm phát sẽ cao hơn.,tất cả những điều trên. E) cả A và B.,D
multiple_choice,1,Những người không hoạt động của các chính sách tin rằng,Tiền lương và giá cả rất linh hoạt.,cơ chế tự sửa rất nhanh.,hành động của chính phủ là không cần thiết.,tất cả những điều trên.,D
multiple_choice,2,Các nhà hoạt động của các chính sách tin rằng,Cơ chế tự điều chỉnh thông qua tiền lương và điều chỉnh giá rất chậm.,tiền lương và giá cả dính.,Chính phủ cần theo đuổi chính sách tích cực để loại bỏ tỷ lệ thất nghiệp cao khi nó phát triển.,tất cả những điều trên.,D
multiple_choice,3,"Nếu tổng sản lượng thấp hơn mức tỷ lệ tự nhiên, các nhà hoạt động chính sách sẽ khuyến nghị chính phủ",không quan tâm.,Cố gắng loại bỏ tỷ lệ thất nghiệp cao bằng cách cố gắng dịch chuyển đường cung tổng hợp sang bên phải.,cố gắng loại bỏ tỷ lệ thất nghiệp cao bằng cách cố gắng dịch chuyển đường cầu tổng hợp sang bên phải.,Cố gắng loại bỏ tỷ lệ thất nghiệp cao bằng cách cố gắng chuyển đường cầu tổng hợp sang trái.,C
multiple_choice,5,Những người không hoạt động của chính sách cho rằng một chính sách thay đổi tổng ________curve sẽ tốn kém vì nó tạo ra mức giá và sản lượng ________volatilityinboththe.,cung; kém,cung; nhiều hơn,cầu; kém,cầu; nhiều hơn,D
multiple_choice,6,"Sự tồn tại của oflags ngăn cản sự điều chỉnh tức thời của nền kinh tế để thay đổi chính sách tổng cầu, do đó củng cố trường hợp cho",chính sách phía cung.,những người không hoạt động.,Hoạt động.,chính sách quản lý nhu cầu.,B
multiple_choice,7,Độ trễ dữ liệu,Thời gian cần thiết cho các nhà hoạch định chính sách để có được dữ liệu cho biết những gì đang xảy ra trong nền kinh tế.,thời gian cần thiết để các nhà hoạch định chính sách chắc chắn về những gì dữ liệu đang báo hiệu về tiến trình tương lai của nền kinh tế.,thời gian cần thiết để thông qua luật để thực hiện một chính sách cụ thể.,thời gian cần thiết để các nhà hoạch định chính sách thay đổi các công cụ chính sách khi họ đã quyết định chính sách mới. E) thời gian cần thiết để chính sách thực sự có tác động đến nền kinh tế.,A
multiple_choice,9,Lagre lập pháp trình bày,Thời gian cần thiết cho các nhà hoạch định chính sách để có được dữ liệu cho biết những gì đang xảy ra trong nền kinh tế.,thời gian cần thiết để các nhà hoạch định chính sách chắc chắn về những gì dữ liệu đang báo hiệu về tiến trình tương lai của nền kinh tế.,thời gian cần thiết để thông qua luật để thực hiện một chính sách cụ thể.,thời gian cần thiết để các nhà hoạch định chính sách thay đổi các công cụ chính sách khi họ đã quyết định chính sách mới. E) thời gian cần thiết để chính sách thực sự có tác động đến nền kinh tế.,C
multiple_choice,10,Việc triển khailagis,Thời gian cần thiết cho các nhà hoạch định chính sách để có được dữ liệu cho biết những gì đang xảy ra trong nền kinh tế.,thời gian cần thiết để các nhà hoạch định chính sách chắc chắn về những gì dữ liệu đang báo hiệu về tiến trình tương lai của nền kinh tế.,thời gian cần thiết để thông qua luật để thực hiện một chính sách cụ thể.,thời gian cần thiết để các nhà hoạch định chính sách thay đổi các công cụ chính sách khi họ đã quyết định chính sách mới. E) thời gian cần thiết để chính sách thực sự có tác động đến nền kinh tế.,D
multiple_choice,12,Thời gian cần thiết cho các nhà hoạch định chính sách để có được dữ liệu cho biết những gì đang xảy ra trong nền kinh tế được gọi là,độ trễ dữ liệu.,độ trễ nhận biết.,độ trễ lập pháp.,độ trễ thực hiện. E) độ trễ hiệu quả.,A
multiple_choice,13,Thời gian cần thiết để các nhà hoạch định chính sách chắc chắn về những gì dữ liệu đang báo hiệu về tiến trình tương lai của nền kinh tế được gọi là,độ trễ dữ liệu.,độ trễ nhận biết.,độ trễ lập pháp.,độ trễ thực hiện. E) độ trễ hiệu quả.,B
multiple_choice,14,Thời gian cần thiết để thông qua luật để thực hiện một chính sách cụ thể được gọi là,độ trễ dữ liệu.,độ trễ nhận biết.,độ trễ lập pháp.,độ trễ thực hiện. E) độ trễ hiệu quả.,C
multiple_choice,17,Những người không hoạt động phản đối gói kích thích tài khóa gần đây lập luận rằng,kích thích tài khóa sẽ mất quá nhiều thời gian để làm việc vì độ trễ thực hiện kéo dài.,kích thích tài khóa có thể khởi động sau khi nền kinh tế đã phục hồi.,kích thích tài khóa có thể dẫn đến sự gia tăng biến độnglạm phát và hoạt động kinh tế.,tất cả những điều trên. E) không có điều nào ở trên.,D
multiple_choice,1,"Nhà kinh tế học đã đề xuất rằng, ""Lạm phát luôn luôn là một hiện tượng tiền tệ""",JohnMaynardKeynes.,JohnR.Hicks.,MiltonFriedman.,FrancoModigliani.,C
multiple_choice,2,"Hoàn thành đề xuất nổi tiếng của MiltonFriedman: ""Lạm phát luôn luôn là một ________phenomenon.""",tiền tệ,chính trị,chính sách,Ngân sách,A
multiple_choice,3,Đầu ra tiềm năng là,độc lập củachính sách tiền tệ.,tích cực liên quan đến chính sách tomonetary.,liên quan tiêu cựcchính sách tomonetary.,Tích cực liên quan đến chính sách chỉ suy thoái.,A
multiple_choice,1,Tosayrằng lạm phát là một hiện tượng tiền tệdường như là câu hỏi,Tại sao chính sách tiền tệ lạm phát xảy ra?,Tại sao các chính trị gia tìm cách tái tranh cử?,Tại sao Fedindependent?,Tại sao Kho bạc Hoa Kỳ lại tiết kiệm tiền?,A
multiple_choice,2,Sự kết hợp giữa những người lao động thúc đẩy tiền lương thành công và cam kết của chính phủ đối với việc làm cao dẫn đến,lạm phát kéo cầu.,lạm phát phía cung.,cung sốclạm phát.,chi phí-đẩylạm phát.,D
multiple_choice,3,"Nếu người lao động không tin rằng các nhà hoạch định chính sách nghiêm túc trong việc chống lạm phát, họ rất có thể sẽ thúc đẩy tiền lương cao hơn, điều này sẽ ________aggregate ________andleadto thất nghiệp hoặc lạm phát, mọi thứ khác không đổi.",giảm; cầu,tăng; cầu,giảm; cung,tăng; cung,C
multiple_choice,4,"Nếu người lao động tin rằng các nhà hoạch định chính sách của chính phủ sẽ tăng tổng cầu để tránh một chính trịkhông phổ biếntăng tỷ lệ thất nghiệp khi người lao động yêu cầu tiền lương cao hơn, thì người lao động sẽ không sợ thất nghiệp cao hơn và nhu cầu tiền lương của họ sẽ dẫn đến",lạm phát kéo cầu.,siêu lạm phát.,giảm phát.,chi phí-đẩylạm phát.,D
multiple_choice,6,"Về mặt lý thuyết, người ta có thể phân biệt lạm phát kéo cầu với lạm phát đẩy chi phí bằng cách so sánh",giá tăng nhanh như thế nào so với tiền lương.,tỷ lệ thất nghiệp với mức tỷ lệ tự nhiên.,khi giá tăng tương đối với tiền lương.,nợ chính phủ đến GDP thực.,B
multiple_choice,7,Lạm phát kéo cầu có thể xảy ra khi,Các nhà hoạch định chính sách đặt mục tiêu thất nghiệp quá cao.,thâm hụt ngân sách dai dẳng được tài trợ bằng cách bán trái phiếu cho công chúng.,Thâm hụt ngân sách dai dẳng được tài trợ bằng cách bán trái phiếu cho ngân hàng trung ương.,Người lao động được tăng lương nhiều.,C
multiple_choice,8,Chính sách tiền tệ nào sau đây ít có khả năng dẫn đến lạm phát?,TăngThất nghiệp,Mở rộng thâm hụt ngân sách liên bang,giảmgiá dầu,xung đột ở Trung Đông,C
multiple_choice,9,Điều nào sau đây có nhiều khả năng dẫn đến chính sách tiền tệ lạm phát nhất?,giảmgiá dầu,giải quyết xung đột ở Trung Đông,việc ban hành hiệp định thương mại tự do với Mexico,TăngThất nghiệp,D
multiple_choice,11,Bằng chứng từ khoảng thời gian 1960-1980 chỉ ra rằng lạm phát ở Hoa Kỳ là kết quả của,mục tiêu việc làm đã được đặt quá cao.,chính phủ không có khả năng bán trái phiếu cho Fed.,mở rộng trong cung tiền để tài trợ chi tiêu của chính phủ liên bang.,việc bán quá nhiều trái phiếu chính phủ cho công chúng.,A
multiple_choice,12,"Bởi vì các chính sách ở Hoa Kỳ quá bành trướng từ năm 1965 đến năm 1973, Hoa Kỳ đã phải chịu đựng",lạm phát kéo cầu.,"chi phí-đẩy lạm phát, khi người lao động tìm kiếm mức lương cao hơn trong trật tự trong lạm phát.",cả nhu cầu-kéo và chi phí-đẩylạm phát.,cũng không có nhu cầu-kéo nor-đẩy-lạm phát.,A
multiple_choice,13,"Trong giai đoạn 1965 đến những năm 1970, các nhà hoạch định chính sách pursued________policies không đạt được ________.",mở rộng; Việc làm cao,mở rộng; lạm phát thấp,co lại; Việc làm cao,co lại; lạm phát thấp,A
multiple_choice,1,"Khi lãi suất chính sách đạt đến ranh giới dưới hiệu quả của nó và lạm phát tiếp tục giảm, phần này của đường cong chính sách tiền tệ là",dốc xuống.,dốc lên.,bằng.,chưa xác định.,A
multiple_choice,2,"Khi lãi suất chính sách đạt đến ranh giới dưới hiệu quả và lạm phát tiếp tục giảm, phần này của đường cầu tổng hợp là",dốc xuống.,dốc lên.,bằng.,chưa xác định.,B
multiple_choice,3,"Khi sản lượng thấp hơn tiềm năng và lãi suất chính sách đã chạm mức không, kết quả là lạm phát giảm dẫn to________real lãi suất, which________output hơn nữa, điều này khiến lạm phát giảm hơn nữa.",hạ; tăng,trên; Xô,trên; tăng,hạ; Xô,B
multiple_choice,4,"Khi sản lượng thấp hơn tiềm năng và lãi suất chính sách đã chạm mức không, nếu các nhà hoạch định chính sách không làm gì cả, sản lượng sẽ ________andinflationwill ________.",lên; rớt,rớt; rớt,rớt; lên,lên; lên,B
multiple_choice,6,Cung cấp thanh khoản và mua tài sản có thể không đủ để kích thích nền kinh tế trừ khi các chính sách nàyhành động có thể,Hạ lãi suất thực cho các khoản đầu tư.,Hạ thấp lãi suất thực ngắn hạn.,Nâng lãi suất chính sách lên trên không.,Hạ thấp lãi suất chính sách.,A
multiple_choice,7,Nới lỏng định lượng của Fed là mua chênh lệch tín dụng ________toaffect.,Chứng khoán dài hạn,Chứng khoán ngắn hạn,cả chứng khoán dài hạn và ngắn hạn,Tài sản tư nhân,A
multiple_choice,8,"Với lãi suất chính sách được đặt ở giới hạn dưới hiệu quả, sự gia tăng bất ngờlạm phát sẽ dẫn đến lãi suất thực ________inthe, điều này sẽ khiến chi tiêu đầu tư và tổng sản lượng to________.",rớt; lên,rớt; rớt,lên; lên,lên; rớt,A
multiple_choice,10,"Để thúc đẩy mở rộng kinh tế và thoát khỏi môi trường giảm phát mà người Nhật đã trải qua, mục tiêu của ""Abenomics""",tăngmục tiêu lạm phát.,kỳ vọng lạm phát gia tăng.,mua trái phiếu dài hạn.,tất cả những điều trên. E) không có điều nào ở trên.,D
multiple_choice,1,Lý thuyết kinh tế cho rằng lãi suất ________ quan trọng ________ lãi suất ________ trong việc giải thích hành vi đầu tư.,danh nghĩa; nhiều hơn; thực,thực; kém; danh nghĩa,thực; nhiều hơn; danh nghĩa,chợ; nhiều hơn; thực,C
multiple_choice,2,"Theo kênh lãi suất truyền thống, chính sách tiền tệ mở rộng làm giảm lãi suất thực, do đó làm tăng chi tiêu cho",kinh doanh đầu tư cố định.,chi tiêu của chính phủ.,hàng tiêu dùng không lâu bền.,xuất khẩu ròng.,A
multiple_choice,3,Cơ chế truyền tải tiền tệ liên kết chính sách tiền tệ với GDP thông qua lãi suất thực và chi tiêu đầu tư được gọi là,kênh lãi suất truyền thống.,Lý thuyết q của Tobins.,hiệu ứng của cải.,kênh dòng tiền.,A
multiple_choice,4,"Nếu mức giá tổng hợp điều chỉnh chậm theo thời gian, thì chính sách tiền tệ mở rộng sẽ giảm xuống",chỉ lãi suất danh nghĩa ngắn hạn.,chỉ là lãi suất thực ngắn hạn.,cả lãi suất danh nghĩa ngắn hạn và lãi suất thực.,"lãi suất danh nghĩa ngắn hạn, lãi suất thực ngắn hạn và lãi suất thực dài hạn.",D
multiple_choice,6,"Chính sách tiền tệ mở rộng làm giảm lãi suất thực, khiến đồng nội tệ ________, do đó ________ xuất khẩu ròng.",cảm kích; Nuôi,cảm kích; Giảm,khấu hao; Nuôi,khấu hao; Giảm,C
multiple_choice,7,Chính sách tiền tệ mở rộng làm tăng xuất khẩu ròng ________ lãi suất và ________ giá trị của đồng đô la.,hạ thấp danh nghĩa; Giảm,hạ thấp thực tế; Giảm,tăng danh nghĩa; Tăng,nâng cao thực tế; Tăng,B
multiple_choice,8,"Chính sách tiền tệ thu hẹp làm tăng lãi suất thực, khiến đồng nội tệ ________, do đó ________ xuất khẩu ròng.",cảm kích; Nuôi,cảm kích; Giảm,khấu hao; Nuôi,khấu hao; Giảm,B
multiple_choice,10,Q của Tobin được định nghĩa là giá trị thị trường của các công ty ________ chi phí thay thế vốn.,lần,trừ,cộng,Chia cho,D
multiple_choice,11,Lý thuyết q của Tobin cho rằng chính sách tiền tệ có thể ảnh hưởng đến chi tiêu đầu tư thông qua tác động của nó đối với,giá cổ phiếu.,Lãi suất.,giá trái phiếu.,dòng tiền.,A
multiple_choice,12,"Vào cuối những năm 1990, bong bóng thị trường chứng khoán ________ giá trị của q's Tobin và gây ra ________ trong thiết bị kinh doanh.",Tăng; Thiếu đầu tư,Tăng; Đầu tư quá mức,Giảm; Thiếu đầu tư,Giảm; Đầu tư quá mức,B
multiple_choice,13,"Trong thời kỳ Đại suy thoái, Q của Tobin","tăng đáng kể, cũng như lãi suất thực.",giảm xuống mức thấp chưa từng có.,"vẫn khá ổn định, trái ngược với hầu hết các biện pháp kinh tế khác.","chỉ tăng lên một chút, bất chấp những nỗ lực của Hoover để chống đỡ nó.",B
multiple_choice,15,"Theo lý thuyết q của Tobin, khi q là ________, các công ty sẽ không mua hàng hóa đầu tư mới vì giá trị thị trường của các công ty ________ so với chi phí vốn.",thấp; thấp,thấp; cao,cao; thấp,cao; cao,A
multiple_choice,16,"Theo lý thuyết q của Tobin, nếu q là ________, vốn nhà máy và thiết bị mới ________ so với giá trị thị trường của các công ty kinh doanh, vì vậy các công ty có thể mua rất nhiều hàng hóa đầu tư mới chỉ với một đợt phát hành cổ phiếu ________.",cao; thưa; lớn,cao; rẻ; lớn,cao; rẻ; nhỏ,thấp; rẻ; lớn E) thấp; rẻ; nhỏ,C
multiple_choice,17,"Theo lý thuyết q của Tobin, khi giá vốn chủ sở hữu thấp, giá thị trường của vốn hiện có ________ so với vốn mới, vì vậy chi tiêu cho đầu tư cố định là ________.",rẻ; thấp,thưa; thấp,rẻ; cao,thưa; cao,A
multiple_choice,19,Franco Modigliani đã phát hiện ra rằng chính sách tiền tệ mở rộng có thể khiến giá thị trường chứng khoán ________ và tiêu dùng ________.,tăng; tăng,tăng; giảm,giảm; giảm,giảm; tăng,A
multiple_choice,20,"Kể từ khi Quy định Q bị bãi bỏ, đã có những nghi ngờ về quy mô ảnh hưởng của kênh ________.",Bảng cân đối kế toán,Cho vay ngân hàng,Dòng tiền,Mức giá không lường trước được,B
multiple_choice,21,Giá cổ phiếu tăng ________ giá trị ròng của các công ty và do đó dẫn đến chi tiêu đầu tư ________ vì giảm rủi ro đạo đức.,Tăng; trên,Tăng; hạ,Giảm; trên,Giảm; hạ,A
multiple_choice,23,"Do thông tin không đối xứng trên thị trường tín dụng, chính sách tiền tệ có thể ảnh hưởng đến hoạt động kinh tế thông qua kênh bảng cân đối kế toán, nơi cung tiền tăng","làm tăng giá cổ phiếu, giảm chi phí vốn mới so với giá trị thị trường của các công ty, do đó làm tăng chi tiêu đầu tư.","nâng cao giá trị tài sản ròng của các công ty, giảm lựa chọn bất lợi và các vấn đề rủi ro đạo đức, do đó tăng mức độ sẵn sàng cho vay của các ngân hàng để tài trợ cho chi tiêu đầu tư.","nâng mức dự trữ ngân hàng, tiền gửi và vay ngân hàng, do đó tăng chi tiêu của những cá nhân không có khả năng tiếp cận thị trường tín dụng.","làm giảm giá trị của đồng đô la, tăng xuất khẩu ròng và tổng cầu.",B
multiple_choice,24,Chính sách tiền tệ mở rộng làm tăng dòng tiền của các công ty lên ________ lãi suất.,hạ thấp thực tế,Hạ thấp danh nghĩa,Nuôi dưỡng thực tế,Tăng danh nghĩa,B
multiple_choice,25,"Nếu một chính sách tiền tệ thu hẹp làm giảm mức giá nhiều hơn dự kiến, nó sẽ làm tăng giá trị thực của nợ tiêu dùng. Điều này làm giảm chi tiêu của người tiêu dùng thông qua",kênh cho vay ngân hàng.,Câu hỏi của Tobin.,kênh lãi suất truyền thống.,hiệu ứng thanh khoản hộ gia đình.,D
multiple_choice,27,"Theo hiệu ứng thanh khoản hộ gia đình, chính sách tiền tệ mở rộng gây ra sự ________ giá trị tài sản tài chính của hộ gia đình, khiến chi tiêu lâu dài của người tiêu dùng ________.",từ chối; lên,lên; lên,lên; rớt,từ chối; rớt,B
multiple_choice,28,"Theo hiệu ứng thanh khoản hộ gia đình, giá cổ phiếu cao hơn dẫn đến tăng chi tiêu tiêu dùng vì người tiêu dùng",cảm thấy an tâm hơn về tình hình tài chính của họ.,muốn bán cổ phiếu và chi tiêu số tiền thu được trước khi giá cổ phiếu giảm.,tin rằng tiền lương của họ sẽ tăng do lợi nhuận của các công ty tăng lên.,bây giờ có thể đủ khả năng nhập khẩu đắt tiền hơn.,A
multiple_choice,29,Cuộc khủng hoảng tài chính dưới chuẩn đã gây ra suy thoái vì sự ________ trong các vấn đề lựa chọn bất lợi và rủi ro đạo đức và ________ giá nhà ở.,tăng; tăng,tăng; giảm,giảm; tăng,giảm; giảm,B
multiple_choice,1,Phân tích các cơ chế truyền tải của chính sách tiền tệ cung cấp bốn bài học cơ bản cho việc thực hiện chính sách tiền tệ của ngân hàng trung ương. Những bài học này gồm có những điều sau đây.,"Lãi suất tăng cho thấy chính sách tiền tệ thắt chặt, trong khi lãi suất giảm cho thấy chính sách tiền tệ được nới lỏng.",Chính sách tiền tệ có thể mang lại hiệu quả cao trong việc hồi sinh một nền kinh tế yếu kém ngay cả khi lãi suất ngắn hạn đã gần bằng không.,"Tránh biến động về mức độ thất nghiệp là một mục tiêu quan trọng của chính sách tiền tệ, do đó cung cấp cơ sở lý luận cho sự ổn định lãi suất như là mục tiêu dài hạn chính của chính sách tiền tệ.",Các giá tài sản khác ngoài giá tài sản trên các công cụ nợ ngắn hạn không chứa thông tin quan trọng về lập trường của chính sách tiền tệ vì chúng không phải là yếu tố quan trọng trong các cơ chế truyền tải chính sách tiền tệ khác nhau.,B
multiple_choice,2,Phân tích các cơ chế truyền tải của chính sách tiền tệ cung cấp bốn bài học cơ bản cho việc thực hiện chính sách tiền tệ của ngân hàng trung ương. Bài học nào sau đây KHÔNG phải là một trong những bài học này?,"Lãi suất tăng cho thấy chính sách tiền tệ thắt chặt, trong khi lãi suất giảm cho thấy chính sách tiền tệ được nới lỏng.",Chính sách tiền tệ có thể mang lại hiệu quả cao trong việc hồi sinh một nền kinh tế yếu kém ngay cả khi lãi suất ngắn hạn đã gần bằng không.,"Tránh những biến động không lường trước được về mặt giá là một mục tiêu quan trọng của chính sách tiền tệ, do đó cung cấp cơ sở lý luận cho sự ổn định giá cả như là mục tiêu dài hạn chính của chính sách tiền tệ.",Các giá tài sản khác ngoài giá tài sản trên các công cụ nợ ngắn hạn không chứa thông tin quan trọng về lập trường của chính sách tiền tệ vì chúng là những yếu tố quan trọng trong các cơ chế truyền tải chính sách tiền tệ khác nhau.,A
multiple_choice,3,"Từ những năm 1990 đến năm 2012, nền kinh tế Nhật Bản đã trải qua",chính sách tiền tệ dễ dàng được thể hiện bằng lãi suất danh nghĩa giảm.,chính sách tiền tệ nới lỏng được thể hiện bằng lãi suất ngắn hạn gần bằng không.,chính sách tiền tệ thắt chặt như được chỉ ra bởi giá tài sản giảm.,chính sách tiền tệ thắt chặt như được thể hiện bởi lãi suất ngắn hạn gần bằng không.,C
multiple_choice,1,________ kiểm tra xem liệu một biến có ảnh hưởng đến biến khác hay không bằng cách nhìn thẳng vào mối quan hệ giữa hai biến.,Bằng chứng dạng rút gọn,Bằng chứng mô hình tổ chức,Bằng chứng mô hình trực tiếp,Bằng chứng mô hình cấu trúc,A
multiple_choice,2,________ kiểm tra xem liệu một biến có ảnh hưởng đến biến khác hay không bằng cách sử dụng dữ liệu để xây dựng một mô hình giải thích các kênh mà qua đó biến này ảnh hưởng đến biến kia.,Bằng chứng mô hình gián tiếp,Bằng chứng mô hình tổ chức,Bằng chứng dạng rút gọn,Bằng chứng mô hình cấu trúc,D
multiple_choice,3,"Trên bản tin buổi tối, bạn nghe về một nghiên cứu khoa học liên kết trực tiếp sinh non với hút thuốc lá. Đây là một ví dụ về",bằng chứng mô hình trực tiếp.,bằng chứng mô hình cử tri được thông báo.,bằng chứng mô hình cấu trúc.,bằng chứng dạng rút gọn.,D
multiple_choice,5,Các kênh mà chính sách tiền tệ ảnh hưởng đến hoạt động kinh tế được gọi là ________ của chính sách tiền tệ.,Cơ chế truyền động,Cơ chế dòng chảy,Cơ chế phân phối,Cơ chế phân bổ,A
multiple_choice,6,Một mô hình bao gồm nhiều phương trình cho thấy các kênh mà qua đó chính sách tiền tệ và tài khóa ảnh hưởng đến tổng sản lượng và chi tiêu được gọi là,mô hình dạng thu nhỏ.,mô hình cử tri trung bình.,mô hình cử tri trung bình được thông báo.,mô hình cấu trúc.,D
multiple_choice,7,Các nhà tiền tệ trực tiếp nghiên cứu mối liên hệ giữa tiền và hoạt động kinh tế bằng cách sử dụng,mô hình kết cấu.,mô hình dạng rút gọn.,mô hình khoa học.,mô hình thử nghiệm.,B
multiple_choice,9,Dự đoán tác động của thay đổi thể chế đối với hiệu quả của chính sách tiền tệ được thực hiện tốt nhất với,mô hình cấu trúc.,mô hình dạng thu nhỏ.,mô hình hộp đen.,mô hình khoa học.,A
multiple_choice,10,"Những người theo chủ nghĩa tiền tệ cho rằng các kênh ảnh hưởng tiền tệ trong các mô hình cấu trúc Keynes đã được xác định quá ________, ________ tầm quan trọng của chính sách tiền tệ.",Rộng rãi; phóng đại,Rộng rãi; Khiêm tốn,Suýt; Khiêm tốn,Suýt; phóng đại,C
multiple_choice,11,Sở thích của những người theo chủ nghĩa tiền tệ đối với các mô hình hình thức rút gọn dựa trên niềm tin của họ rằng,nhân quả ngược là một vấn đề.,Các mô hình cấu trúc có thể đánh giá thấp tác động của tiền đối với hoạt động kinh tế.,Những thay đổi về cung tiền luôn mang tính nội sinh.,Chính sách tiền tệ chỉ ảnh hưởng đến chi tiêu đầu tư.,B
multiple_choice,13,"Những người theo chủ nghĩa Keynes ban đầu cảm thấy rằng chính sách ________ là ________, vì vậy họ nhấn mạnh tầm quan trọng của chính sách ________.",Tài chính; vô hiệu; tiền tệ,tiền tệ; vô hiệu; Tài chính,tiền tệ; Mạnh; tiền tệ,Tài chính; quá mạnh; tiền tệ,B
multiple_choice,14,Những người theo chủ nghĩa Keynes ban đầu kết luận rằng những thay đổi trong chính sách tiền tệ không có tác động đến tổng sản lượng vì các nghiên cứu thực nghiệm ban đầu không tìm thấy mối liên hệ giữa các chuyển động trong ________ và ________.,lãi suất danh nghĩa; Chi đầu tư,lãi suất thực; Chi đầu tư,cung tiền; Sản lượng tổng hợp,chi đầu tư; Sản lượng tổng hợp,A
multiple_choice,15,"Đáp lại những người theo chủ nghĩa Keynes ban đầu, những người theo chủ nghĩa tiền tệ cho rằng",chính sách tiền tệ trong thời kỳ Đại suy thoái không hề dễ dàng.,sự sụp đổ của ngân hàng trong thời kỳ Đại suy thoái không phải là nguyên nhân của sự sụt giảm cung tiền.,bằng chứng từ cuộc Đại suy thoái đã chứng minh sự kém hiệu quả của chính sách tiền tệ.,Có một mối liên hệ yếu giữa lãi suất và chi tiêu đầu tư.,A
multiple_choice,17,"Trong thời kỳ Đại suy thoái, lãi suất thực",tăng lên mức cao chưa từng có.,chỉ tăng một chút so với xu hướng dài hạn.,giảm xuống mức thấp chưa từng có.,chỉ giảm một chút so với xu hướng dài hạn.,A
multiple_choice,18,"Biến động của lãi suất ________ chỉ ra rằng, trái ngược với niềm tin của những người theo chủ nghĩa Keynes ban đầu, chính sách tiền tệ đã được ________ trong thời kỳ Đại suy thoái.",danh nghĩa; chặt chẽ,danh nghĩa; dễ,thực; chặt chẽ,thực; dễ,C
multiple_choice,19,"Các giai đoạn giảm phát giá, chẳng hạn như cuộc Đại suy thoái, được đặc trưng bởi",lãi suất danh nghĩa thấp nhưng lãi suất thực cao.,lãi suất danh nghĩa và lãi suất thực thấp.,lãi suất thực thấp hơn lãi suất danh nghĩa.,lãi suất danh nghĩa và lãi suất thực cao.,A
multiple_choice,21,"Trong một nghiên cứu được công bố vào năm 1963, Milton Friedman và Anna Schwartz phát hiện ra rằng trong mỗi chu kỳ kinh doanh, họ đã nghiên cứu trong khoảng thời gian gần một trăm năm",tốc độ tăng trưởng cung tiền giảm trước khi sản lượng giảm.,lãi suất giảm trước khi sản lượng giảm.,Tốc độ tăng chi tiêu của chính phủ liên bang giảm trước khi sản lượng giảm.,tốc độ tăng chi tiêu của chính quyền tiểu bang và địa phương giảm trước khi sản lượng giảm.,A
multiple_choice,22,Bằng chứng thống kê theo chủ nghĩa tiền tệ kiểm tra mối tương quan giữa cả ________ và ________ với ________.,tiền; tổng chi tiêu; Tỷ lệ thất nghiệp,tiền; chi tiêu tự chủ; Tỷ lệ thất nghiệp,tiền; chi tiêu tiêu dùng; Tổng chi tiêu,tiền; chi tiêu tự chủ; Tổng chi tiêu,D
multiple_choice,23,Một lời chỉ trích về biến chi tiêu tự chủ của chủ nghĩa tiền tệ là,Một số loại chi tiêu tự chủ không ảnh hưởng đến tổng cầu.,Một số loại chi tiêu tự chủ ảnh hưởng đến tổng cầu trước khi chi tiêu xảy ra. Một số loại chi tiêu tự chủ ảnh hưởng đến tổng cầu khi chúng xảy ra.,Một số loại chi tiêu tự chủ chỉ ảnh hưởng đến tổng cầu chỉ lâu sau khi chúng xảy ra.,Những người theo chủ nghĩa Keynes không nghĩ rằng chi tiêu tự chủ ảnh hưởng đến tổng cầu.,B
multiple_choice,25,Các nhà lý thuyết chu kỳ kinh doanh thực sự chỉ trích bằng chứng hình thức rút gọn của chủ nghĩa tiền tệ vì họ tin rằng,Tiền là nguyên nhân quan trọng nhất của những thay đổi trong tổng cầu.,có nhân quả ngược từ chu kỳ kinh doanh đến tiền bạc.,Có nhân quả ngược từ tiền đến chu kỳ kinh doanh.,chu kỳ kinh doanh không tồn tại.,B
multiple_choice,26,Lý thuyết chu kỳ kinh doanh thực tế nói rằng nguyên nhân quan trọng nhất của chu kỳ kinh doanh là,những cú sốc đối với cung tiền.,cú sốc lãi suất.,Các quyết định chính sách của Cục Dự trữ Liên bang.,gây sốc cho thị hiếu và công nghệ.,D
